codigoPedido,codigoCliente,nitRestaurante,cantidad,hora
Asoka,Orin,Arrigucci,oarrigucci0@deliciousdays.com,Male
Cardify,Walt,Dowgill,wdowgill1@shareasale.com,Male
Hatity,Gretta,Thorsen,gthorsen2@acquirethisname.com,Female
Subin,Rebbecca,Pifford,rpifford3@list-manage.com,Female
Tresom,Audra,Devenport,adevenport4@guardian.co.uk,Female
Quo Lux,Zsa zsa,Ruane,zruane5@examiner.com,Female
Opela,Nataniel,Szantho,nszantho6@thetimes.co.uk,Male
Flexidy,Kaleb,Kaysor,kkaysor7@buzzfeed.com,Male
Cookley,Arlyne,Mathivat,amathivat8@w3.org,Female
Overhold,Donnie,Tittletross,dtittletross9@edublogs.org,Female
Biodex,Alissa,Orgill,aorgilla@constantcontact.com,Female
Viva,Anthea,Leban,alebanb@newsvine.com,Female
Home Ing,John,Gillard,jgillardc@xing.com,Male
Bitchip,Flora,Durtnell,fdurtnelld@chicagotribune.com,Female
Tres-Zap,Sylvan,Klaussen,sklaussene@behance.net,Male
Transcof,Dwayne,Volkers,dvolkersf@cam.ac.uk,Male
Ronstring,Doralynn,Alred,dalredg@vimeo.com,Female
Home Ing,Peder,Blackeby,pblackebyh@mayoclinic.com,Male
Ronstring,Cristi,Sollner,csollneri@51.la,Female
Quo Lux,Kipper,Barhem,kbarhemj@biglobe.ne.jp,Male
Duobam,Gifford,Dominguez,gdominguezk@liveinternet.ru,Male
Holdlamis,Federico,Salter,fsalterl@domainmarket.com,Male
Fix San,Hynda,Huttley,hhuttleym@webmd.com,Female
Holdlamis,Jinny,Rosina,jrosinan@wired.com,Female
Zamit,Nancie,Sired,nsiredo@plala.or.jp,Female
Tresom,Aubrette,Boot,abootp@cbc.ca,Female
Voyatouch,Reagan,Musgrove,rmusgroveq@goodreads.com,Male
Zathin,Jordon,Gaymar,jgaymarr@huffingtonpost.com,Male
Bitchip,Albert,Banghe,abanghes@icio.us,Male
Flowdesk,Eydie,Iacomi,eiacomit@bloomberg.com,Female
Job,Salomo,Broderick,sbrodericku@a8.net,Male
Flexidy,Nessy,Woollends,nwoollendsv@google.co.uk,Female
Bitwolf,Carr,Evequot,cevequotw@sohu.com,Male
Otcom,Marrilee,Paulino,mpaulinox@topsy.com,Female
Regrant,Huberto,Patington,hpatingtony@homestead.com,Male
Lotlux,Olimpia,Houseago,ohouseagoz@wikimedia.org,Female
Job,Andy,Sivell,asivell10@disqus.com,Male
Gembucket,Norma,Erickson,nerickson11@shutterfly.com,Female
Voltsillam,Hilly,Vurley,hvurley12@skyrock.com,Male
Redhold,Harriet,Nock,hnock13@shinystat.com,Female
Overhold,Base,Moxsom,bmoxsom14@cmu.edu,Male
Namfix,Liuka,Dandie,ldandie15@narod.ru,Female
Cardguard,Aileen,Elesander,aelesander16@cnet.com,Female
Span,Fair,Dawid,fdawid17@noaa.gov,Male
Subin,Juliette,Petters,jpetters18@census.gov,Female
Flexidy,Ariana,Ipgrave,aipgrave19@reference.com,Female
Cookley,Kele,Hebbs,khebbs1a@wikispaces.com,Male
Cookley,Melisandra,Glide,mglide1b@ezinearticles.com,Female
Mat Lam Tam,Betti,Noddle,bnoddle1c@bluehost.com,Female
Kanlam,Cosme,Chuney,cchuney1d@pagesperso-orange.fr,Male
Voltsillam,Timmi,MacAne,tmacane1e@1688.com,Female
Voltsillam,Bucky,Iscowitz,biscowitz1f@smugmug.com,Male
Fixflex,Glennie,Goodband,ggoodband1g@mashable.com,Female
Zamit,Auroora,Hallgarth,ahallgarth1h@salon.com,Female
Stim,Hinze,Garci,hgarci1i@wordpress.com,Male
Home Ing,Merridie,Rois,mrois1j@acquirethisname.com,Female
Andalax,Frederic,Raffels,fraffels1k@cyberchimps.com,Male
Y-Solowarm,Kahlil,Alfuso,kalfuso1l@mit.edu,Male
Vagram,Torr,Lambdin,tlambdin1m@google.com.au,Male
Quo Lux,Calypso,Beake,cbeake1n@paypal.com,Female
Otcom,Leigh,Doust,ldoust1o@miitbeian.gov.cn,Male
Viva,Boy,Scotchforth,bscotchforth1p@webeden.co.uk,Male
Stim,Arch,Lapham,alapham1q@deliciousdays.com,Male
Zaam-Dox,Garold,Selesnick,gselesnick1r@over-blog.com,Male
Cardify,Janifer,Kinglake,jkinglake1s@eepurl.com,Female
Subin,Kendra,Stienham,kstienham1t@bravesites.com,Female
Mat Lam Tam,Glory,Gray,ggray1u@scientificamerican.com,Female
Rank,Marietta,Welford,mwelford1v@netscape.com,Female
Bitchip,Danila,Bretland,dbretland1w@etsy.com,Female
Holdlamis,Mellie,Stanyland,mstanyland1x@friendfeed.com,Female
Viva,Bartlett,Dreier,bdreier1y@chicagotribune.com,Male
Veribet,Cecile,Crutchfield,ccrutchfield1z@webs.com,Female
Namfix,Shannan,Isoldi,sisoldi20@usa.gov,Male
Gembucket,Rosmunda,Deaville,rdeaville21@goodreads.com,Female
Toughjoyfax,Jasmine,Megarry,jmegarry22@smugmug.com,Female
Ronstring,Brandy,Priddey,bpriddey23@google.it,Male
Veribet,Kamilah,Mariel,kmariel24@cargocollective.com,Female
Domainer,Emmerich,Redsull,eredsull25@redcross.org,Male
Hatity,Marisa,Warrior,mwarrior26@tinyurl.com,Female
Matsoft,Hi,Gilston,hgilston27@arizona.edu,Male
Matsoft,Talbert,Kinsett,tkinsett28@list-manage.com,Male
Duobam,Elena,Retter,eretter29@techcrunch.com,Female
Konklab,Ardelis,Mussalli,amussalli2a@51.la,Female
Job,Isak,Sainer,isainer2b@symantec.com,Male
Cardguard,Mylo,Brisco,mbrisco2c@yellowbook.com,Male
Cookley,Jerrold,Cariss,jcariss2d@dailymotion.com,Male
Transcof,Dorie,Craw,dcraw2e@deviantart.com,Male
Konklab,Georgette,Wavell,gwavell2f@cnn.com,Female
Voltsillam,Bernadine,Ruggs,bruggs2g@fema.gov,Female
Aerified,Flossy,Whitty,fwhitty2h@samsung.com,Female
Pannier,Alvera,Cleall,acleall2i@oakley.com,Female
Treeflex,Kylie,Konrad,kkonrad2j@usgs.gov,Female
Sonair,Brigitta,Balser,bbalser2k@imageshack.us,Female
Bitwolf,Waite,Drinkel,wdrinkel2l@wp.com,Male
Hatity,Taber,Tatteshall,ttatteshall2m@netlog.com,Male
Transcof,Cris,Radeliffe,cradeliffe2n@delicious.com,Female
Stronghold,Bev,Matzel,bmatzel2o@comsenz.com,Female
Prodder,Shelby,Corrison,scorrison2p@constantcontact.com,Male
Holdlamis,Carroll,Irnys,cirnys2q@usda.gov,Female
Tempsoft,Kipp,Haine,khaine2r@nsw.gov.au,Male
Greenlam,Eliza,Durand,edurand2s@globo.com,Female
Tres-Zap,Bendick,Vere,bvere2t@theatlantic.com,Male
Fixflex,Willy,Elan,welan2u@engadget.com,Female
Regrant,Bordie,Ioselev,bioselev2v@icio.us,Male
It,Noby,Thumann,nthumann2w@google.co.uk,Male
Y-Solowarm,Flora,Gonsalo,fgonsalo2x@delicious.com,Female
Alpha,Kathleen,Croy,kcroy2y@vkontakte.ru,Female
Namfix,Sacha,Olesen,solesen2z@dailymail.co.uk,Female
Redhold,Athene,La Croce,alacroce30@purevolume.com,Female
Prodder,Symon,Nicklinson,snicklinson31@blogspot.com,Male
Stronghold,Shurlock,Giacobo,sgiacobo32@tumblr.com,Male
Ronstring,Amata,Edmonson,aedmonson33@furl.net,Female
Wrapsafe,Amabel,Spitaro,aspitaro34@statcounter.com,Female
Quo Lux,Dorrie,Richardes,drichardes35@cbslocal.com,Female
Zamit,Antoine,Rudall,arudall36@china.com.cn,Male
Hatity,Val,Jakoub,vjakoub37@mozilla.org,Male
Tresom,Malina,Wareing,mwareing38@nature.com,Female
Lotstring,Imogen,Le Barre,ilebarre39@hud.gov,Female
Alphazap,Conchita,Scholes,cscholes3a@elpais.com,Female
Sonair,Steven,Turpin,sturpin3b@usnews.com,Male
Tres-Zap,Edgar,Sarsons,esarsons3c@intel.com,Male
Flexidy,Whitney,Byars,wbyars3d@spiegel.de,Female
Fixflex,Chad,Wreakes,cwreakes3e@time.com,Male
Tin,Celeste,Wapple,cwapple3f@reddit.com,Female
Sonair,Rycca,Pierson,rpierson3g@quantcast.com,Female
Prodder,Bliss,Vowden,bvowden3h@google.cn,Female
Daltfresh,Dew,Sutherby,dsutherby3i@dagondesign.com,Male
Viva,Pauly,Standering,pstandering3j@furl.net,Female
Greenlam,Kenn,Grigorini,kgrigorini3k@prlog.org,Male
Zathin,Agnola,Baudou,abaudou3l@sourceforge.net,Female
Ventosanzap,Woodman,Mustoo,wmustoo3m@biblegateway.com,Male
Stronghold,Gran,Tibbotts,gtibbotts3n@army.mil,Male
Konklab,Lucho,Gurrado,lgurrado3o@netscape.com,Male
Domainer,Seumas,Valance,svalance3p@ca.gov,Male
Sonair,Clarita,Peggs,cpeggs3q@ezinearticles.com,Female
Namfix,Ciro,Vlasin,cvlasin3r@squidoo.com,Male
Latlux,Zabrina,Headon,zheadon3s@over-blog.com,Female
Cardguard,Marielle,Portis,mportis3t@cpanel.net,Female
Alpha,Vail,Rudolf,vrudolf3u@google.com.au,Male
Voltsillam,Austin,Lukesch,alukesch3v@shinystat.com,Male
Zontrax,Merrile,Davey,mdavey3w@unblog.fr,Female
Holdlamis,Ethyl,Hoodless,ehoodless3x@cam.ac.uk,Female
Biodex,Raffarty,Dooly,rdooly3y@tamu.edu,Male
Regrant,Millicent,Fritschmann,mfritschmann3z@deliciousdays.com,Female
Viva,Gerhard,Wapples,gwapples40@theglobeandmail.com,Male
Tampflex,Reynold,Bartoshevich,rbartoshevich41@abc.net.au,Male
Stringtough,Javier,Penson,jpenson42@phpbb.com,Male
Greenlam,Curr,Tethcote,ctethcote43@smugmug.com,Male
Solarbreeze,Karlis,Ansteys,kansteys44@amazon.com,Male
Wrapsafe,Godfry,Burnie,gburnie45@phpbb.com,Male
Alphazap,Pearl,McUre,pmcure46@admin.ch,Female
Temp,Marlee,Corsar,mcorsar47@squidoo.com,Female
Trippledex,Melony,Longland,mlongland48@mozilla.com,Female
Greenlam,Diann,Giorgetti,dgiorgetti49@wufoo.com,Female
Keylex,Stanton,Baynam,sbaynam4a@home.pl,Male
Fintone,Leonora,Bridgland,lbridgland4b@over-blog.com,Female
Daltfresh,Foster,Humbee,fhumbee4c@amazonaws.com,Male
Bitchip,Carly,Paskins,cpaskins4d@chron.com,Male
Y-Solowarm,Izabel,Tombleson,itombleson4e@shareasale.com,Female
Stringtough,Myriam,Whapples,mwhapples4f@slideshare.net,Female
Redhold,Michaeline,Crossthwaite,mcrossthwaite4g@berkeley.edu,Female
Latlux,Fanchette,Holmyard,fholmyard4h@google.co.jp,Female
Home Ing,Pablo,Turle,pturle4i@mtv.com,Male
Zontrax,Tildy,Labeuil,tlabeuil4j@washington.edu,Female
Sonsing,Jobye,Dutton,jdutton4k@cocolog-nifty.com,Female
Alpha,Louisette,Mancer,lmancer4l@usatoday.com,Female
Tempsoft,Brooke,Bummfrey,bbummfrey4m@theguardian.com,Female
Aerified,Tessa,Mingay,tmingay4n@51.la,Female
It,Dion,MacTrustie,dmactrustie4o@lulu.com,Male
Voyatouch,Francene,Gurko,fgurko4p@ibm.com,Female
Vagram,Ax,Godball,agodball4q@tripod.com,Male
Cardguard,Kiel,Tibbetts,ktibbetts4r@home.pl,Male
Voltsillam,Ned,Heighway,nheighway4s@timesonline.co.uk,Male
Zoolab,Denys,Oleszcuk,doleszcuk4t@multiply.com,Female
Home Ing,Scottie,Haxley,shaxley4u@over-blog.com,Male
Opela,Lionello,Aked,laked4v@prnewswire.com,Male
Treeflex,Maxie,Hutfield,mhutfield4w@miitbeian.gov.cn,Male
Stringtough,Walker,Stuckey,wstuckey4x@slate.com,Male
Otcom,Jany,Bedenham,jbedenham4y@icio.us,Female
Duobam,Sindee,Gulvin,sgulvin4z@alexa.com,Female
Voyatouch,Celie,Dannohl,cdannohl50@t.co,Female
Voltsillam,Carly,Flaws,cflaws51@bloomberg.com,Female
Fix San,Thornton,Hoult,thoult52@symantec.com,Male
Otcom,Dee dee,Semerad,dsemerad53@usatoday.com,Female
Ronstring,Thor,Janusik,tjanusik54@tuttocitta.it,Male
Zaam-Dox,Guillermo,Waldren,gwaldren55@patch.com,Male
Fix San,Vinnie,Cornilleau,vcornilleau56@princeton.edu,Female
Treeflex,Padriac,Cosbey,pcosbey57@a8.net,Male
Biodex,Craig,Espadero,cespadero58@flavors.me,Male
Kanlam,Shep,Vigietti,svigietti59@macromedia.com,Male
Bitwolf,Cyndie,Lafranconi,clafranconi5a@zimbio.com,Female
Bamity,Bobette,Fibben,bfibben5b@flavors.me,Female
Holdlamis,Bowie,Eirwin,beirwin5c@examiner.com,Male
Fix San,Leola,Thirtle,lthirtle5d@studiopress.com,Female
Konklab,Philbert,Ruppert,pruppert5e@shinystat.com,Male
Matsoft,Jillene,Kevane,jkevane5f@example.com,Female
Tin,Daisey,McDermot,dmcdermot5g@people.com.cn,Female
Greenlam,Maura,Hans,mhans5h@cnbc.com,Female
Kanlam,Arthur,Glashby,aglashby5i@telegraph.co.uk,Male
Tin,Myra,Zellmer,mzellmer5j@ifeng.com,Female
Bytecard,Edith,Cambden,ecambden5k@scientificamerican.com,Female
Biodex,Leontine,McGaugie,lmcgaugie5l@trellian.com,Female
Bitwolf,Xenos,Dunican,xdunican5m@yahoo.co.jp,Male
Flexidy,Anastasie,Pittendreigh,apittendreigh5n@google.cn,Female
Stronghold,Khalil,Harroll,kharroll5o@vimeo.com,Male
Greenlam,Jacklin,Waples,jwaples5p@yellowbook.com,Female
Lotlux,Prudence,Orys,porys5q@who.int,Female
Konklab,Mildrid,Antonelli,mantonelli5r@instagram.com,Female
Domainer,Marielle,Messum,mmessum5s@blogger.com,Female
Tresom,Rory,Swalteridge,rswalteridge5t@hubpages.com,Female
Ventosanzap,Misha,Jessup,mjessup5u@people.com.cn,Female
Overhold,Carmine,Fielder,cfielder5v@cocolog-nifty.com,Male
Bamity,Catharina,Mueller,cmueller5w@nps.gov,Female
Sonsing,Morton,Licas,mlicas5x@dot.gov,Male
Stronghold,Antin,Curzon,acurzon5y@bing.com,Male
Regrant,Amalita,Bastick,abastick5z@chronoengine.com,Female
Aerified,Norina,Brodway,nbrodway60@thetimes.co.uk,Female
Treeflex,Orren,Mundow,omundow61@skype.com,Male
Biodex,Xenia,Grew,xgrew62@nasa.gov,Female
Zamit,Briny,McAllaster,bmcallaster63@vk.com,Female
Daltfresh,Alf,Tyrie,atyrie64@marketwatch.com,Male
Sub-Ex,Dulciana,Browning,dbrowning65@comcast.net,Female
Cardguard,Waylen,Campes,wcampes66@xrea.com,Male
Konklab,Theressa,Olenichev,tolenichev67@nyu.edu,Female
Sonsing,Delainey,Harkins,dharkins68@theglobeandmail.com,Male
Stringtough,Thaddeus,Earengey,tearengey69@bbb.org,Male
Zamit,Zacherie,Durrell,zdurrell6a@blogger.com,Male
Stringtough,Zared,Voller,zvoller6b@creativecommons.org,Male
Solarbreeze,Kayle,Wodham,kwodham6c@slashdot.org,Female
Rank,Emelina,Francesch,efrancesch6d@rediff.com,Female
Opela,Lanette,Jacomb,ljacomb6e@jiathis.com,Female
Mat Lam Tam,Beatrisa,Crosby,bcrosby6f@mtv.com,Female
Subin,Kaiser,Mohan,kmohan6g@squarespace.com,Male
Y-Solowarm,Pennie,Tooley,ptooley6h@home.pl,Female
Holdlamis,Ricoriki,Palatini,rpalatini6i@bloglovin.com,Male
Tres-Zap,Edik,Lipson,elipson6j@trellian.com,Male
Job,Stephine,Corton,scorton6k@hao123.com,Female
Mat Lam Tam,Jenna,Solly,jsolly6l@independent.co.uk,Female
Alpha,Charlotta,Ellissen,cellissen6m@live.com,Female
Prodder,Flora,Horsewood,fhorsewood6n@is.gd,Female
Gembucket,Eva,Neville,eneville6o@twitpic.com,Female
Temp,Ignatius,Filshin,ifilshin6p@slashdot.org,Male
Bitwolf,Rayna,Rugge,rrugge6q@usatoday.com,Female
Konklux,Pat,Churchyard,pchurchyard6r@hatena.ne.jp,Female
Konklab,Georgena,Lethbury,glethbury6s@parallels.com,Female
Daltfresh,Camilla,Jobes,cjobes6t@xinhuanet.com,Female
Stim,Peyter,Thome,pthome6u@imageshack.us,Male
Rank,Nolie,Peak,npeak6v@over-blog.com,Female
Y-Solowarm,Flore,Welldrake,fwelldrake6w@huffingtonpost.com,Female
Aerified,Eugenio,Stollmeyer,estollmeyer6x@aol.com,Male
Voyatouch,Sonnie,Drogan,sdrogan6y@illinois.edu,Male
Alphazap,Jake,Pinchbeck,jpinchbeck6z@tinypic.com,Male
Fintone,Fernandina,Mosedale,fmosedale70@sciencedaily.com,Female
Zoolab,Westbrooke,Orvis,worvis71@businessinsider.com,Male
Wrapsafe,Giacobo,Huxton,ghuxton72@apple.com,Male
Latlux,Maureen,Dolley,mdolley73@nymag.com,Female
Cookley,Ida,Matuska,imatuska74@google.co.uk,Female
Bitwolf,Lavinia,Osan,losan75@bizjournals.com,Female
Ronstring,Ivor,Topp,itopp76@photobucket.com,Male
It,Barbara,Leech,bleech77@nba.com,Female
Sub-Ex,Niccolo,Manion,nmanion78@fema.gov,Male
Konklab,Hogan,Whichelow,hwhichelow79@google.cn,Male
Greenlam,Farrah,Fenelow,ffenelow7a@woothemes.com,Female
Home Ing,Sigismund,McCurtain,smccurtain7b@mozilla.org,Male
Stringtough,Codi,Elwood,celwood7c@phpbb.com,Female
Domainer,Lib,Scough,lscough7d@livejournal.com,Female
Pannier,Kaia,Urlich,kurlich7e@desdev.cn,Female
Prodder,Arie,Ingraham,aingraham7f@clickbank.net,Male
Y-Solowarm,Liza,Sinnett,lsinnett7g@accuweather.com,Female
It,Rozalin,Bedells,rbedells7h@cdc.gov,Female
Ronstring,Lonnie,Winters,lwinters7i@google.com.hk,Female
Quo Lux,Travus,Mullender,tmullender7j@ucsd.edu,Male
Y-Solowarm,Price,McGrann,pmcgrann7k@thetimes.co.uk,Male
Overhold,Peder,Lamerton,plamerton7l@census.gov,Male
Stringtough,Matias,Frazer,mfrazer7m@360.cn,Male
Wrapsafe,Marleen,Mabon,mmabon7n@icio.us,Female
Voyatouch,Aubert,Platts,aplatts7o@twitter.com,Male
Sonsing,Kevin,Rothwell,krothwell7p@fc2.com,Male
Aerified,Jed,Gillfillan,jgillfillan7q@webs.com,Male
Kanlam,Richie,Sperrett,rsperrett7r@hubpages.com,Male
Zontrax,Ian,Curneen,icurneen7s@auda.org.au,Male
Rank,Budd,Bowller,bbowller7t@gmpg.org,Male
Home Ing,Alejandrina,Chubb,achubb7u@cdbaby.com,Female
Pannier,Pat,Coleiro,pcoleiro7v@hubpages.com,Female
Y-Solowarm,Stefanie,Madner,smadner7w@stanford.edu,Female
Fix San,Lyon,Iannazzi,liannazzi7x@xinhuanet.com,Male
Ronstring,Cassandre,Korf,ckorf7y@java.com,Female
Gembucket,Othilie,Bachs,obachs7z@discovery.com,Female
Job,Ardenia,Flippen,aflippen80@over-blog.com,Female
Kanlam,Charla,Baden,cbaden81@nifty.com,Female
Keylex,Lindie,Boldison,lboldison82@state.gov,Female
Sonair,Barbra,Coupland,bcoupland83@youtu.be,Female
Voyatouch,Amalle,Bowman,abowman84@hugedomains.com,Female
Cookley,Wilbur,Bedinham,wbedinham85@vimeo.com,Male
Namfix,Xenia,Grishechkin,xgrishechkin86@pinterest.com,Female
Veribet,Oren,Jeffcock,ojeffcock87@nasa.gov,Male
Mat Lam Tam,Tanner,Jancar,tjancar88@ebay.co.uk,Male
Veribet,Lorri,Stockhill,lstockhill89@gmpg.org,Female
Overhold,Cullie,Skacel,cskacel8a@google.cn,Male
Bamity,Leshia,Dudliston,ldudliston8b@sfgate.com,Female
Flowdesk,Talbert,Maudlin,tmaudlin8c@go.com,Male
Lotlux,Timothea,Croutear,tcroutear8d@cdc.gov,Female
Fixflex,Brigida,Basnett,bbasnett8e@nymag.com,Female
Stim,Morse,Canfield,mcanfield8f@infoseek.co.jp,Male
Flexidy,Garry,Newlove,gnewlove8g@tripadvisor.com,Male
Pannier,Arvin,Brideaux,abrideaux8h@ycombinator.com,Male
Trippledex,Frayda,Newart,fnewart8i@posterous.com,Female
Konklab,Ivan,Fullerton,ifullerton8j@ox.ac.uk,Male
Quo Lux,Bevvy,Realff,brealff8k@hud.gov,Female
Opela,Odey,Lehrmann,olehrmann8l@printfriendly.com,Male
Overhold,Andee,Simchenko,asimchenko8m@instagram.com,Female
Daltfresh,Rosalia,Mila,rmila8n@arizona.edu,Female
Lotstring,Bamby,Jacklin,bjacklin8o@mayoclinic.com,Female
Overhold,Brien,Feakins,bfeakins8p@chicagotribune.com,Male
Tempsoft,Carmela,Overland,coverland8q@addthis.com,Female
Zontrax,Alfonso,Ruffler,aruffler8r@google.es,Male
Latlux,Sissie,D'Alesco,sdalesco8s@sitemeter.com,Female
Prodder,Henri,Gossan,hgossan8t@ucoz.ru,Male
Zamit,Jerrold,Merrydew,jmerrydew8u@ox.ac.uk,Male
Bamity,Selig,Oller,soller8v@un.org,Male
Konklab,Tori,Oxer,toxer8w@livejournal.com,Female
Zaam-Dox,Farrell,Bucknill,fbucknill8x@toplist.cz,Male
Transcof,Ansell,Kernermann,akernermann8y@howstuffworks.com,Male
Namfix,Sam,Duffit,sduffit8z@ca.gov,Female
Otcom,Chic,Willimot,cwillimot90@foxnews.com,Male
Quo Lux,Reid,Coulman,rcoulman91@china.com.cn,Male
Ronstring,Alfie,Munnis,amunnis92@e-recht24.de,Female
Prodder,Marigold,Ianne,mianne93@51.la,Female
Cookley,Neal,Burchfield,nburchfield94@etsy.com,Male
Ventosanzap,Suzann,McGeouch,smcgeouch95@hexun.com,Female
Fixflex,Garth,Nickolls,gnickolls96@privacy.gov.au,Male
Duobam,Ron,Musla,rmusla97@cbsnews.com,Male
Alpha,Ansley,Obal,aobal98@paginegialle.it,Female
Matsoft,Ella,Schapero,eschapero99@usgs.gov,Female
Treeflex,Etan,Leagas,eleagas9a@prweb.com,Male
Ronstring,Hanni,Brett,hbrett9b@skyrock.com,Female
Home Ing,Fransisco,McKeeman,fmckeeman9c@chronoengine.com,Male
Toughjoyfax,Pepe,Dalzell,pdalzell9d@google.com.au,Male
Ronstring,Damiano,Stoyles,dstoyles9e@auda.org.au,Male
Aerified,Cooper,Azam,cazam9f@weibo.com,Male
Quo Lux,Ruthie,Blowick,rblowick9g@walmart.com,Female
Subin,Phip,Grassett,pgrassett9h@ihg.com,Male
Bigtax,Lynn,Madigan,lmadigan9i@vimeo.com,Female
Greenlam,Miltie,Roscrigg,mroscrigg9j@google.it,Male
Keylex,Christian,Arenson,carenson9k@exblog.jp,Male
Bitwolf,Erie,Whittick,ewhittick9l@devhub.com,Male
Tampflex,Pippa,Ladewig,pladewig9m@ca.gov,Female
Vagram,Benny,Pavelin,bpavelin9n@mozilla.org,Female
Stim,Millicent,ducarme,mducarme9o@ucoz.ru,Female
Konklab,Huntley,Degg,hdegg9p@cbc.ca,Male
Y-find,Gus,Brastead,gbrastead9q@amazon.co.jp,Female
Ventosanzap,Leontine,McCaffrey,lmccaffrey9r@chron.com,Female
Treeflex,Carlotta,Bason,cbason9s@gov.uk,Female
Asoka,Ina,Perllman,iperllman9t@omniture.com,Female
It,Bertrand,Dunster,bdunster9u@fotki.com,Male
Veribet,Albertine,Wank,awank9v@merriam-webster.com,Female
Trippledex,Emyle,Behnke,ebehnke9w@nhs.uk,Female
Zaam-Dox,Alyda,Bailes,abailes9x@fastcompany.com,Female
Flowdesk,Maurizia,Mercer,mmercer9y@fc2.com,Female
Opela,Traver,Joost,tjoost9z@imgur.com,Male
Flexidy,Conroy,Pomphrett,cpomphretta0@army.mil,Male
Temp,Farrell,Ovett,fovetta1@whitehouse.gov,Male
Sonsing,Solly,Yanshin,syanshina2@bloomberg.com,Male
Transcof,Johna,Fattori,jfattoria3@mysql.com,Female
Zontrax,Terrel,Bax,tbaxa4@drupal.org,Male
Bigtax,Inger,Rudd,irudda5@ted.com,Female
Bigtax,Hi,Benzie,hbenziea6@cnbc.com,Male
Bamity,Leupold,Pett,lpetta7@vk.com,Male
Wrapsafe,Aldwin,Vincent,avincenta8@china.com.cn,Male
Pannier,Micky,MacKey,mmackeya9@tamu.edu,Female
Job,Stanford,Bulcock,sbulcockaa@wunderground.com,Male
Treeflex,Effie,Coye,ecoyeab@storify.com,Female
Flowdesk,Anson,Fatscher,afatscherac@sun.com,Male
Toughjoyfax,Giff,Aykroyd,gaykroydad@chronoengine.com,Male
Tresom,Pattie,Whaley,pwhaleyae@biglobe.ne.jp,Male
Otcom,Phil,Mercey,pmerceyaf@timesonline.co.uk,Male
Otcom,Constantin,Stutard,cstutardag@google.com.au,Male
Pannier,Briant,Knudsen,bknudsenah@ibm.com,Male
Regrant,Dixie,Schrinel,dschrinelai@cisco.com,Female
Lotlux,Hewe,Sandeman,hsandemanaj@zdnet.com,Male
Subin,Isaac,Abbison,iabbisonak@pen.io,Male
Y-Solowarm,Enoch,Carrodus,ecarrodusal@google.com.hk,Male
Matsoft,Dinah,Cordeiro,dcordeiroam@hatena.ne.jp,Female
Tres-Zap,Gayle,Bonson,gbonsonan@illinois.edu,Male
Zaam-Dox,Nolly,Dedden,ndeddenao@joomla.org,Male
Namfix,Moyra,Beckham,mbeckhamap@unc.edu,Female
Zontrax,Ruttger,Jacmar,rjacmaraq@flavors.me,Male
Kanlam,Penrod,Campa,pcampaar@earthlink.net,Male
Ronstring,Courtnay,Coggan,ccogganas@xinhuanet.com,Male
Y-Solowarm,Nolan,Skiplorne,nskiplorneat@spotify.com,Male
Bitwolf,Bessy,Passy,bpassyau@mayoclinic.com,Female
Treeflex,Cliff,Terrey,cterreyav@walmart.com,Male
Alphazap,Leanora,Pattenden,lpattendenaw@dropbox.com,Female
Voltsillam,Frederick,Roadnight,froadnightax@sun.com,Male
Lotlux,Irvin,Extall,iextallay@vistaprint.com,Male
Transcof,Cyril,Bradnock,cbradnockaz@soup.io,Male
Redhold,Sasha,Ipsgrave,sipsgraveb0@symantec.com,Female
Solarbreeze,Devin,Bonnavant,dbonnavantb1@jimdo.com,Male
Fixflex,Flori,Coppenhall,fcoppenhallb2@ca.gov,Female
Tresom,Kerk,Docharty,kdochartyb3@linkedin.com,Male
Alphazap,Eveleen,Ponting,epontingb4@ed.gov,Female
Daltfresh,Legra,Local,llocalb5@ezinearticles.com,Female
Bytecard,Ida,Curreen,icurreenb6@hubpages.com,Female
Voltsillam,Giuseppe,O'Sharkey,gosharkeyb7@topsy.com,Male
Latlux,Yanaton,Dubock,ydubockb8@storify.com,Male
Bamity,Allys,McMyler,amcmylerb9@uol.com.br,Female
Konklux,Lefty,Smye,lsmyeba@tuttocitta.it,Male
Home Ing,Joachim,Kerwood,jkerwoodbb@tripod.com,Male
Cookley,Ynez,Gronous,ygronousbc@archive.org,Female
Keylex,Nataline,Scholte,nscholtebd@csmonitor.com,Female
Keylex,Lynelle,Jowers,ljowersbe@zimbio.com,Female
Zathin,Niels,Quilligan,nquilliganbf@ifeng.com,Male
Redhold,Cornall,Carwardine,ccarwardinebg@godaddy.com,Male
Y-find,Coral,Beaney,cbeaneybh@liveinternet.ru,Female
Opela,Peder,Chatenet,pchatenetbi@mozilla.com,Male
Sub-Ex,Ardath,Burchill,aburchillbj@newyorker.com,Female
Tempsoft,Keslie,Parmiter,kparmiterbk@walmart.com,Female
Treeflex,Kerwin,Scyner,kscynerbl@aol.com,Male
Tres-Zap,Maurits,Lehrer,mlehrerbm@biblegateway.com,Male
Alpha,Clio,Gurdon,cgurdonbn@imgur.com,Female
Lotstring,Herta,Cowitz,hcowitzbo@mysql.com,Female
Stronghold,Reuven,Knightley,rknightleybp@phpbb.com,Male
Tampflex,Micheal,Nutt,mnuttbq@4shared.com,Male
Gembucket,Ardyth,Domnick,adomnickbr@reference.com,Female
Tin,Webb,Anslow,wanslowbs@columbia.edu,Male
Viva,Cicely,Gilvary,cgilvarybt@wufoo.com,Female
Bitchip,Quintilla,McTurk,qmcturkbu@4shared.com,Female
Temp,Cad,Matthai,cmatthaibv@ocn.ne.jp,Male
Ventosanzap,Drusi,Hards,dhardsbw@chron.com,Female
Biodex,Mathew,Baldacchi,mbaldacchibx@theguardian.com,Male
Ventosanzap,Constantin,Ilewicz,cilewiczby@latimes.com,Male
Aerified,Brocky,Dunk,bdunkbz@forbes.com,Male
Konklux,Clywd,MacNab,cmacnabc0@slate.com,Male
Cardguard,Fremont,Scoble,fscoblec1@nymag.com,Male
Konklab,Rickert,Junkison,rjunkisonc2@a8.net,Male
Y-Solowarm,Clara,Spellacey,cspellaceyc3@pcworld.com,Female
Redhold,Wilton,Meth,wmethc4@amazon.de,Male
Sub-Ex,Jordanna,Borchardt,jborchardtc5@google.es,Female
Sonsing,Myrle,Kippin,mkippinc6@icq.com,Female
Latlux,Farrah,Griffe,fgriffec7@bravesites.com,Female
Viva,Berkie,Hintze,bhintzec8@instagram.com,Male
Asoka,Alene,Puncher,apuncherc9@friendfeed.com,Female
Lotlux,Titus,Avramchik,tavramchikca@cdc.gov,Male
Veribet,Allister,Ather,aathercb@yolasite.com,Male
Zamit,Joelle,Haines,jhainescc@dot.gov,Female
Trippledex,Lock,Flello,lflellocd@facebook.com,Male
Solarbreeze,Mile,Klosser,mklosserce@hp.com,Male
Opela,Marcellus,Matonin,mmatonincf@list-manage.com,Male
Aerified,Madonna,Crosen,mcrosencg@admin.ch,Female
It,Marv,Prosek,mprosekch@nsw.gov.au,Male
Tres-Zap,Gayelord,Gaskoin,ggaskoinci@dagondesign.com,Male
Tampflex,Bendix,Piddletown,bpiddletowncj@people.com.cn,Male
Zamit,Rolph,Hebbard,rhebbardck@boston.com,Male
Sonsing,Ros,Batters,rbatterscl@arstechnica.com,Female
Tin,Tildy,Kiljan,tkiljancm@google.com.au,Female
Treeflex,Sammy,Reary,srearycn@ow.ly,Female
Subin,Mellisa,Ivankov,mivankovco@theguardian.com,Female
Cardguard,Ogdan,Rice,oricecp@ihg.com,Male
Fix San,Kienan,Smurthwaite,ksmurthwaitecq@craigslist.org,Male
Toughjoyfax,Rockie,Mews,rmewscr@technorati.com,Male
Matsoft,Fleming,Duligal,fduligalcs@miitbeian.gov.cn,Male
Opela,Rudd,Jerram,rjerramct@artisteer.com,Male
Zaam-Dox,Renaldo,Cleaver,rcleavercu@wsj.com,Male
Zamit,Dilan,Hargrove,dhargrovecv@de.vu,Male
Wrapsafe,North,Neenan,nneenancw@cdbaby.com,Male
Prodder,Thia,Tweedy,ttweedycx@bravesites.com,Female
Keylex,Xever,Bette,xbettecy@intel.com,Male
Pannier,Rouvin,Rosenhaus,rrosenhauscz@nifty.com,Male
Home Ing,Kalle,Perone,kperoned0@nationalgeographic.com,Male
Andalax,Gertrud,Rehm,grehmd1@t.co,Female
Y-Solowarm,Uta,Haestier,uhaestierd2@shareasale.com,Female
Biodex,Jessy,Doret,jdoretd3@economist.com,Female
Y-Solowarm,Norma,Bretelle,nbretelled4@theatlantic.com,Female
Tres-Zap,Vincents,Humbatch,vhumbatchd5@jalbum.net,Male
Daltfresh,Reinaldos,Binion,rbiniond6@cisco.com,Male
Treeflex,Forrest,Parish,fparishd7@cloudflare.com,Male
Redhold,Michaeline,Labrow,mlabrowd8@intel.com,Female
Ventosanzap,Odo,Worshall,oworshalld9@hexun.com,Male
Sub-Ex,Merlina,Bittany,mbittanyda@feedburner.com,Female
Sub-Ex,Nelly,Chessill,nchessilldb@answers.com,Female
Stronghold,Brooke,Wavell,bwavelldc@cbc.ca,Female
Lotlux,Otha,Arundale,oarundaledd@fda.gov,Female
Stim,Faulkner,Simunek,fsimunekde@ted.com,Male
Temp,Bret,Leaver,bleaverdf@usatoday.com,Male
Home Ing,Vivi,Guymer,vguymerdg@ted.com,Female
Latlux,Temple,Dyshart,tdyshartdh@virginia.edu,Male
Flowdesk,Oralle,Phillott,ophillottdi@tinypic.com,Female
Ronstring,Marillin,Torrance,mtorrancedj@merriam-webster.com,Female
Alphazap,Byrle,Pacher,bpacherdk@amazon.co.uk,Male
Asoka,Nehemiah,Fanning,nfanningdl@histats.com,Male
Span,Deeann,Kneeland,dkneelanddm@google.co.jp,Female
Zathin,Andeee,Luca,alucadn@ustream.tv,Female
Otcom,Guillemette,Richichi,grichichido@vistaprint.com,Female
Treeflex,Simeon,Folli,sfollidp@storify.com,Male
Alphazap,Woodie,Parnaby,wparnabydq@scribd.com,Male
Rank,Gualterio,Gilhespy,ggilhespydr@latimes.com,Male
Bitchip,Fianna,Nobbs,fnobbsds@friendfeed.com,Female
Trippledex,Gertruda,Cuss,gcussdt@jigsy.com,Female
Asoka,Hobart,Bowerman,hbowermandu@elegantthemes.com,Male
Domainer,Madonna,Weld,mwelddv@paypal.com,Female
Bigtax,Orelia,Menego,omenegodw@ebay.co.uk,Female
Fintone,Lacey,Cleverley,lcleverleydx@gnu.org,Female
Stringtough,Lorelei,Deporte,ldeportedy@ebay.com,Female
Holdlamis,Muire,MacCoveney,mmaccoveneydz@feedburner.com,Female
Bytecard,Rheba,Scampion,rscampione0@independent.co.uk,Female
Zathin,Lexi,McDowell,lmcdowelle1@cbslocal.com,Female
Lotlux,Geralda,Raitt,graitte2@berkeley.edu,Female
Domainer,Dalia,Gartrell,dgartrelle3@youtu.be,Female
Aerified,Zuzana,Limmer,zlimmere4@dagondesign.com,Female
Andalax,Dido,Moquin,dmoquine5@fema.gov,Female
Alpha,Constance,Jinkin,cjinkine6@canalblog.com,Female
Stronghold,Reggie,Menhenitt,rmenhenitte7@sina.com.cn,Female
Veribet,Lauritz,Juleff,ljuleffe8@dedecms.com,Male
Opela,Alfonso,Hiland,ahilande9@liveinternet.ru,Male
Gembucket,Charil,Walbridge,cwalbridgeea@java.com,Female
Voltsillam,Welbie,Tomaszek,wtomaszekeb@behance.net,Male
Tresom,Marybelle,Grombridge,mgrombridgeec@huffingtonpost.com,Female
Cardguard,Andrus,Beirne,abeirneed@oracle.com,Male
Temp,Laney,Huttley,lhuttleyee@cnet.com,Male
Keylex,Gerrie,Loosmore,gloosmoreef@plala.or.jp,Male
Kanlam,Ricardo,Hasselby,rhasselbyeg@theatlantic.com,Male
Fix San,Borden,Peiro,bpeiroeh@slashdot.org,Male
Keylex,Eugine,Costigan,ecostiganei@lycos.com,Female
Y-Solowarm,Thornton,Atcock,tatcockej@amazon.co.jp,Male
It,Hank,Stoneley,hstoneleyek@parallels.com,Male
Greenlam,Alric,Burnham,aburnhamel@nps.gov,Male
Transcof,Ora,Eronie,oeronieem@google.com.br,Female
Flowdesk,Valene,Ales,valesen@ed.gov,Female
Pannier,Meredith,Row,mroweo@networksolutions.com,Female
Trippledex,Teador,Whieldon,twhieldonep@creativecommons.org,Male
Voyatouch,Andros,McCosker,amccoskereq@shareasale.com,Male
Hatity,Murial,Yakobowitch,myakobowitcher@is.gd,Female
Quo Lux,Taddeo,Clues,tclueses@ameblo.jp,Male
Tresom,Felix,Jankovic,fjankovicet@dailymail.co.uk,Male
Flowdesk,Abbey,Dady,adadyeu@twitter.com,Female
Domainer,Auberta,Fleckness,aflecknessev@lulu.com,Female
Tampflex,Joete,Ranking,jrankingew@jalbum.net,Female
Gembucket,King,Calles,kcallesex@canalblog.com,Male
Pannier,Kali,Sibley,ksibleyey@paginegialle.it,Female
Kanlam,Coriss,Sweed,csweedez@jugem.jp,Female
Holdlamis,Bogart,Stife,bstifef0@zimbio.com,Male
Cardguard,Korrie,Steart,ksteartf1@spiegel.de,Female
Lotstring,Herby,Scarce,hscarcef2@msn.com,Male
Overhold,Hamid,Boutell,hboutellf3@twitter.com,Male
Asoka,Mychal,Goatman,mgoatmanf4@buzzfeed.com,Male
Ventosanzap,Conney,Tran,ctranf5@squarespace.com,Male
Domainer,Frannie,Baggot,fbaggotf6@sohu.com,Female
Voltsillam,Arnuad,Perris,aperrisf7@washington.edu,Male
Zoolab,Winfield,Mcwhinney,wmcwhinneyf8@wisc.edu,Male
Home Ing,Merle,Hise,mhisef9@a8.net,Female
Latlux,Roderich,Tulleth,rtullethfa@pcworld.com,Male
Overhold,Adelaide,Zywicki,azywickifb@accuweather.com,Female
Gembucket,Ramsey,Najafian,rnajafianfc@techcrunch.com,Male
Overhold,Ira,Krochmann,ikrochmannfd@de.vu,Male
Temp,Benton,Goggan,bgogganfe@mit.edu,Male
Biodex,Deana,Faye,dfayeff@163.com,Female
Domainer,Kathi,Fishbourn,kfishbournfg@oakley.com,Female
Zathin,Georgianne,Padmore,gpadmorefh@foxnews.com,Female
Alphazap,Anabal,Cholerton,acholertonfi@cnbc.com,Female
Tampflex,Goran,Tothe,gtothefj@bloglines.com,Male
Flexidy,Maurita,Greenslade,mgreensladefk@mapy.cz,Female
Mat Lam Tam,Janek,Papaminas,jpapaminasfl@sphinn.com,Male
Bamity,Emmeline,Dowe,edowefm@arizona.edu,Female
Gembucket,Grace,Curme,gcurmefn@furl.net,Male
Treeflex,Land,Gartenfeld,lgartenfeldfo@skype.com,Male
Otcom,Gerek,Calken,gcalkenfp@accuweather.com,Male
Zathin,Rockey,Lidgey,rlidgeyfq@godaddy.com,Male
Mat Lam Tam,Curcio,Tattersdill,ctattersdillfr@ucla.edu,Male
Mat Lam Tam,Armin,Girdlestone,agirdlestonefs@google.com,Male
Gembucket,Marjie,Trice,mtriceft@wsj.com,Female
Asoka,Nilson,Rapier,nrapierfu@opensource.org,Male
Tresom,Farly,Plewman,fplewmanfv@goodreads.com,Male
Otcom,Douglass,Habbal,dhabbalfw@indiegogo.com,Male
Y-find,Jemie,Castiglio,jcastigliofx@bizjournals.com,Female
Sonair,Olly,Leith-Harvey,oleithharveyfy@list-manage.com,Female
Konklux,Wolfie,Jaqueme,wjaquemefz@va.gov,Male
Regrant,Gardie,Twentyman,gtwentymang0@jimdo.com,Male
Bytecard,Rowen,Fake,rfakeg1@issuu.com,Male
Stim,Joachim,Dobby,jdobbyg2@ihg.com,Male
Stringtough,Seline,Confort,sconfortg3@gmpg.org,Female
Lotlux,Bail,Jessett,bjessettg4@fastcompany.com,Male
Sonair,Engelbert,Brownbill,ebrownbillg5@gnu.org,Male
Subin,Karyl,Ansett,kansettg6@xinhuanet.com,Female
Ventosanzap,Wallas,Pethick,wpethickg7@google.cn,Male
Zontrax,Dareen,Paradise,dparadiseg8@twitpic.com,Female
Pannier,Morgen,Quinion,mquiniong9@patch.com,Female
Biodex,Florinda,Hews,fhewsga@telegraph.co.uk,Female
Keylex,Bradford,Indgs,bindgsgb@ox.ac.uk,Male
Aerified,Joshia,MacLennan,jmaclennangc@nih.gov,Male
Pannier,Roy,Girt,rgirtgd@cdc.gov,Male
Redhold,Floria,Costin,fcostinge@latimes.com,Female
Gembucket,Jo,Nesbitt,jnesbittgf@un.org,Male
Sonsing,Rosemonde,Clayton,rclaytongg@sakura.ne.jp,Female
Latlux,Bryn,Thyng,bthynggh@amazon.co.jp,Male
It,Bear,Rosenblum,brosenblumgi@jugem.jp,Male
Zontrax,Klarrisa,Merricks,kmerricksgj@arstechnica.com,Female
Lotstring,Jereme,Malimoe,jmalimoegk@hc360.com,Male
Y-Solowarm,Krystal,Worsom,kworsomgl@zdnet.com,Female
Pannier,Corney,O'Feeny,cofeenygm@lulu.com,Male
Ronstring,Kippie,Shefton,ksheftongn@people.com.cn,Female
Zathin,Edee,Breeze,ebreezego@rediff.com,Female
Cardify,Olin,Raffles,orafflesgp@ebay.co.uk,Male
Stim,Isacco,Moorey,imooreygq@uol.com.br,Male
Bitwolf,Josselyn,Leveret,jleveretgr@blog.com,Female
Holdlamis,Merla,Proger,mprogergs@examiner.com,Female
Fintone,Jeremie,Klasen,jklasengt@webnode.com,Male
Stronghold,Bessy,Maddra,bmaddragu@stanford.edu,Female
Temp,Kellen,Pigeram,kpigeramgv@cloudflare.com,Female
Y-find,Linc,Novacek,lnovacekgw@free.fr,Male
Ventosanzap,Etti,Nunns,enunnsgx@merriam-webster.com,Female
Sonsing,Madelin,Yakobowitch,myakobowitchgy@ca.gov,Female
Stim,Aldric,Warbeys,awarbeysgz@netvibes.com,Male
Veribet,Jada,Gonzales,jgonzalesh0@epa.gov,Female
Solarbreeze,Ronny,Bristo,rbristoh1@state.tx.us,Male
Fix San,Chick,Darlaston,cdarlastonh2@so-net.ne.jp,Male
Tempsoft,Bartholomeus,Ellen,bellenh3@shinystat.com,Male
Stim,Farra,Curror,fcurrorh4@4shared.com,Female
Latlux,Verna,Charlton,vcharltonh5@state.tx.us,Female
Flowdesk,Mattheus,Neno,mnenoh6@over-blog.com,Male
Prodder,Angelica,Fraczkiewicz,afraczkiewiczh7@mail.ru,Female
Zontrax,Bethena,Letchmore,bletchmoreh8@hubpages.com,Female
Zamit,Benjamin,Yakovich,byakovichh9@reddit.com,Male
Alpha,Allistir,Elcox,aelcoxha@who.int,Male
Zathin,Tucker,Vasentsov,tvasentsovhb@independent.co.uk,Male
Vagram,Uri,Canacott,ucanacotthc@epa.gov,Male
Daltfresh,Eduardo,Cohane,ecohanehd@gravatar.com,Male
Prodder,Hogan,Nannini,hnanninihe@exblog.jp,Male
Tres-Zap,Giacobo,Ayliffe,gayliffehf@jugem.jp,Male
Alpha,Dahlia,Carmichael,dcarmichaelhg@360.cn,Female
Sub-Ex,Milli,Romain,mromainhh@dion.ne.jp,Female
Flowdesk,Joshua,Arnholz,jarnholzhi@statcounter.com,Male
Subin,Leeann,Goodliff,lgoodliffhj@goo.gl,Female
Fixflex,Buffy,Di Maggio,bdimaggiohk@webeden.co.uk,Female
Bytecard,Marcy,Hargrove,mhargrovehl@github.com,Female
Aerified,Thedric,Rushbury,trushburyhm@state.tx.us,Male
Duobam,Jose,Achurch,jachurchhn@dagondesign.com,Male
Span,Eda,Raymont,eraymontho@state.tx.us,Female
Tampflex,Sybil,Williment,swillimenthp@answers.com,Female
Alpha,Bobbie,Tippett,btippetthq@ifeng.com,Female
Bitwolf,Nicko,Fullerton,nfullertonhr@wikipedia.org,Male
Duobam,Edita,Brosch,ebroschhs@lycos.com,Female
Subin,Estele,Bimrose,ebimroseht@blogspot.com,Female
Bitwolf,Webster,Di Ruggero,wdiruggerohu@alibaba.com,Male
Duobam,Malissia,Kennicott,mkennicotthv@amazonaws.com,Female
Alphazap,Lemuel,Abriani,labrianihw@yelp.com,Male
Bitchip,Merrie,Briggs,mbriggshx@pcworld.com,Female
Solarbreeze,Dick,Gooddie,dgooddiehy@geocities.jp,Male
Konklab,Thornton,FitzGeorge,tfitzgeorgehz@europa.eu,Male
Overhold,Bordie,Labern,blaberni0@unc.edu,Male
Regrant,Gloriana,Castillou,gcastilloui1@yelp.com,Female
Aerified,Jehanna,Fittis,jfittisi2@lycos.com,Female
Zamit,Rena,Deely,rdeelyi3@utexas.edu,Female
Cardify,Jae,Islip,jislipi4@jiathis.com,Male
Konklab,Ardelis,Lerer,alereri5@youku.com,Female
Pannier,Stephenie,Crambie,scrambiei6@google.ca,Female
Lotlux,Gloria,Snowball,gsnowballi7@discuz.net,Female
Konklab,Drucill,Bartles,dbartlesi8@japanpost.jp,Female
Wrapsafe,Chris,Bunton,cbuntoni9@reference.com,Male
Lotstring,Aubrie,Hankins,ahankinsia@quantcast.com,Female
Sonsing,Kenon,Coupe,kcoupeib@phoca.cz,Male
Opela,Aurlie,Szimoni,aszimoniic@archive.org,Female
Temp,Leroy,Cromack,lcromackid@liveinternet.ru,Male
Sonair,Ninon,Simukov,nsimukovie@yale.edu,Female
Greenlam,Nell,Maharg,nmahargif@instagram.com,Female
Holdlamis,Amelia,Kelemen,akelemenig@goo.gl,Female
Tresom,Boyd,Morston,bmorstonih@google.co.jp,Male
Bytecard,Morry,Addyman,maddymanii@msn.com,Male
Span,Mick,Hapgood,mhapgoodij@miitbeian.gov.cn,Male
Solarbreeze,Jilli,MacCook,jmaccookik@huffingtonpost.com,Female
Regrant,Bobbee,Ivanov,bivanovil@umich.edu,Female
Zathin,Eli,Hadlow,ehadlowim@hugedomains.com,Male
Trippledex,Candice,Merchant,cmerchantin@flavors.me,Female
Andalax,Urbano,Lehrmann,ulehrmannio@disqus.com,Male
Mat Lam Tam,Kristal,Bletsoe,kbletsoeip@naver.com,Female
Temp,Dag,McCauley,dmccauleyiq@wikia.com,Male
Stringtough,Chance,Maunton,cmauntonir@whitehouse.gov,Male
Sonsing,Art,Middlemist,amiddlemistis@paypal.com,Male
Prodder,Dyane,Petz,dpetzit@army.mil,Female
Overhold,Kristos,Jackling,kjacklingiu@odnoklassniki.ru,Male
Tresom,Weider,Sambrok,wsambrokiv@ox.ac.uk,Male
Alphazap,Raymond,Appleyard,rappleyardiw@sourceforge.net,Male
Tres-Zap,Codie,Jarrett,cjarrettix@hao123.com,Male
Cardguard,Moll,Shilito,mshilitoiy@xing.com,Female
Veribet,Camile,Ashleigh,cashleighiz@over-blog.com,Female
Sonair,Eleni,Kidsley,ekidsleyj0@hexun.com,Female
Redhold,Perla,Radclyffe,pradclyffej1@webs.com,Female
Sub-Ex,Cassi,Braban,cbrabanj2@dell.com,Female
Sonsing,Chalmers,Cleeves,ccleevesj3@state.tx.us,Male
Ventosanzap,Gregorius,Huckstepp,ghucksteppj4@lycos.com,Male
Pannier,Glynn,Dominicacci,gdominicaccij5@google.de,Male
Opela,Pyotr,Ravel,pravelj6@mtv.com,Male
Prodder,Enoch,Wadeling,ewadelingj7@newyorker.com,Male
Quo Lux,Gardie,Dunham,gdunhamj8@wiley.com,Male
Greenlam,Danita,Tilford,dtilfordj9@unc.edu,Female
Toughjoyfax,Hestia,Camellini,hcamellinija@yolasite.com,Female
Sonsing,Jeni,Petruk,jpetrukjb@constantcontact.com,Female
Treeflex,Silvanus,Philip,sphilipjc@alexa.com,Male
Opela,Liuka,Finnis,lfinnisjd@accuweather.com,Female
Transcof,Cathe,Prentice,cprenticeje@alexa.com,Female
Voltsillam,Opalina,Presnall,opresnalljf@php.net,Female
Cardguard,Rani,Cattach,rcattachjg@cbslocal.com,Female
Tempsoft,Aimil,Lytell,alytelljh@creativecommons.org,Female
Keylex,Isobel,Speenden,ispeendenji@nymag.com,Female
Viva,Rowen,Snarie,rsnariejj@google.com.au,Male
Viva,Ashley,Epton,aeptonjk@imdb.com,Male
Y-Solowarm,Min,Bilbey,mbilbeyjl@cbsnews.com,Female
Zathin,Jasmina,Mocquer,jmocquerjm@newsvine.com,Female
Opela,Emanuel,Culwen,eculwenjn@yellowbook.com,Male
Job,Christian,Cabedo,ccabedojo@whitehouse.gov,Male
Opela,Ivett,Reasce,ireascejp@theatlantic.com,Female
Flexidy,Lancelot,Derington,lderingtonjq@businessinsider.com,Male
Toughjoyfax,Pammi,Roderham,proderhamjr@cnbc.com,Female
Veribet,Gussi,Burbidge,gburbidgejs@spiegel.de,Female
Hatity,Fayth,Hounsham,fhounshamjt@odnoklassniki.ru,Female
Flexidy,Reginauld,Norway,rnorwayju@pen.io,Male
Hatity,Shay,Voller,svollerjv@spiegel.de,Female
Pannier,Lettie,Bucham,lbuchamjw@google.co.jp,Female
Tampflex,Kay,Irvin,kirvinjx@skyrock.com,Female
Cookley,Ellary,O'Neil,eoneiljy@stumbleupon.com,Male
Sub-Ex,Henry,Fairnie,hfairniejz@pinterest.com,Male
Lotlux,Davey,Follit,dfollitk0@usatoday.com,Male
Wrapsafe,Dru,Fogg,dfoggk1@aol.com,Female
Otcom,Kenneth,Belli,kbellik2@yale.edu,Male
Tin,Rosabelle,Delagua,rdelaguak3@desdev.cn,Female
Home Ing,Kellby,Flett,kflettk4@fema.gov,Male
Latlux,Adiana,Grabert,agrabertk5@e-recht24.de,Female
Biodex,Mab,Fishbourn,mfishbournk6@mtv.com,Female
Bamity,Stephie,Fitzhenry,sfitzhenryk7@ted.com,Female
Fix San,Fidelity,Joburn,fjoburnk8@youtu.be,Female
Konklux,Bar,Hallyburton,bhallyburtonk9@fc2.com,Male
Zoolab,Cyrillus,Macbane,cmacbaneka@rakuten.co.jp,Male
Namfix,Burr,O'Logan,bologankb@jugem.jp,Male
Bitwolf,Gaby,Fudge,gfudgekc@freewebs.com,Male
Prodder,Edie,McCaughey,emccaugheykd@sciencedirect.com,Female
Sub-Ex,Daryl,Corain,dcorainke@weather.com,Female
Tres-Zap,Ursala,Romi,uromikf@cdc.gov,Female
Alphazap,Karisa,Evequot,kevequotkg@jalbum.net,Female
Prodder,Lenci,Bruty,lbrutykh@addtoany.com,Male
Alphazap,Alyse,Pevreal,apevrealki@answers.com,Female
Prodder,Katharine,Jentgens,kjentgenskj@sakura.ne.jp,Female
Redhold,Inge,Hugk,ihugkkk@canalblog.com,Female
Fintone,Brnaby,Mailes,bmaileskl@wufoo.com,Male
Cardguard,Carolann,Brown,cbrownkm@mashable.com,Female
Wrapsafe,Katuscha,Gladdifh,kgladdifhkn@adobe.com,Female
Stringtough,Thorndike,Artus,tartusko@ft.com,Male
Gembucket,Benny,Pollington,bpollingtonkp@bloglovin.com,Female
Flowdesk,Edeline,Babonau,ebabonaukq@cocolog-nifty.com,Female
Sub-Ex,Nariko,Brimley,nbrimleykr@independent.co.uk,Female
It,Adriena,Syson,asysonks@xrea.com,Female
Bigtax,Denyse,Huckstepp,dhucksteppkt@nih.gov,Female
Cardguard,Ericha,Pfaffel,epfaffelku@craigslist.org,Female
Aerified,Vick,Worviell,vworviellkv@mapy.cz,Male
Alphazap,Lincoln,Tuhy,ltuhykw@cocolog-nifty.com,Male
Temp,Matthiew,Yearnsley,myearnsleykx@hatena.ne.jp,Male
Lotlux,Conway,Grishanov,cgrishanovky@ocn.ne.jp,Male
Tres-Zap,Lanna,MacMeanma,lmacmeanmakz@berkeley.edu,Female
Tampflex,Kendal,Yarnold,kyarnoldl0@goo.gl,Male
Tin,Ade,Kebbell,akebbelll1@pbs.org,Male
Matsoft,Jacquetta,Leggs,jleggsl2@scientificamerican.com,Female
Voltsillam,Sela,Voelker,svoelkerl3@newsvine.com,Female
Namfix,Arri,Roullier,aroullierl4@drupal.org,Male
Aerified,Klaus,Froschauer,kfroschauerl5@moonfruit.com,Male
Tempsoft,Katha,Sucre,ksucrel6@google.com.au,Female
Zathin,Shaw,Dast,sdastl7@cbslocal.com,Male
Rank,Ikey,Norcott,inorcottl8@123-reg.co.uk,Male
Veribet,Gabriel,Lerwill,glerwilll9@360.cn,Male
Cardify,Jaine,Wendover,jwendoverla@reference.com,Female
Hatity,Becka,Bumphrey,bbumphreylb@ebay.co.uk,Female
Fix San,Cynthea,Seine,cseinelc@addtoany.com,Female
Zaam-Dox,Helli,Emery,hemeryld@ed.gov,Female
Andalax,Natty,Benes,nbenesle@wikia.com,Male
Bytecard,Sissy,Rosone,srosonelf@businessinsider.com,Female
Bitwolf,Melli,Presman,mpresmanlg@liveinternet.ru,Female
Span,Sashenka,Orneles,sorneleslh@feedburner.com,Female
Transcof,Gabbie,Dibnah,gdibnahli@cornell.edu,Female
Pannier,Kirby,Pettiford,kpettifordlj@spotify.com,Male
Otcom,Othelia,Dunkerly,odunkerlylk@com.com,Female
Tampflex,Gail,Ceaser,gceaserll@soundcloud.com,Male
Hatity,Annie,Pratton,aprattonlm@networksolutions.com,Female
Quo Lux,Curtice,Klausewitz,cklausewitzln@mediafire.com,Male
Sonsing,Steffane,Pennacci,spennaccilo@house.gov,Female
Cardify,Marten,Lane,mlanelp@mapy.cz,Male
Sonsing,Myrta,Tures,mtureslq@baidu.com,Female
Span,Junie,Cooksley,jcooksleylr@patch.com,Female
Tempsoft,Shanna,Peschet,speschetls@whitehouse.gov,Female
Lotstring,Andriette,Francom,afrancomlt@answers.com,Female
Fintone,Katrine,Brawn,kbrawnlu@qq.com,Female
Job,Hagan,Thurbon,hthurbonlv@godaddy.com,Male
Cardify,Ashby,Mogridge,amogridgelw@sina.com.cn,Male
Konklab,Jim,Kyttor,jkyttorlx@163.com,Male
Transcof,Rickard,Burde,rburdely@cisco.com,Male
Transcof,Jordain,Slyvester,jslyvesterlz@boston.com,Female
Treeflex,Cyrillus,McGivena,cmcgivenam0@netscape.com,Male
Rank,Zebadiah,Beech,zbeechm1@google.com,Male
Flexidy,Wallie,Blenkiron,wblenkironm2@cbslocal.com,Female
Overhold,Silas,Cowhig,scowhigm3@aboutads.info,Male
Fix San,Muffin,Brockelsby,mbrockelsbym4@webeden.co.uk,Female
Bamity,Elbertine,Tabart,etabartm5@xing.com,Female
Flexidy,Ragnar,Ordish,rordishm6@about.me,Male
Zamit,Avril,Osmint,aosmintm7@go.com,Female
Cardify,Lorianne,Keller,lkellerm8@mlb.com,Female
Toughjoyfax,Smitty,Matisoff,smatisoffm9@cnet.com,Male
Opela,Minnie,Moles,mmolesma@wired.com,Female
Sonsing,Emogene,Molesworth,emolesworthmb@wordpress.com,Female
Prodder,Fin,Weston,fwestonmc@comsenz.com,Male
Sonair,Donnamarie,Girardez,dgirardezmd@epa.gov,Female
Y-Solowarm,Killie,Coweuppe,kcoweuppeme@zdnet.com,Male
Kanlam,Delilah,Drummond,ddrummondmf@a8.net,Female
Sonsing,Carri,Colerick,ccolerickmg@disqus.com,Female
Regrant,Jessi,Ostrich,jostrichmh@noaa.gov,Female
Cardify,Rossie,Shirley,rshirleymi@hugedomains.com,Male
Keylex,Johna,Rames,jramesmj@webs.com,Female
Tempsoft,Madelon,Maylour,mmaylourmk@prweb.com,Female
Andalax,Antone,Maryman,amarymanml@reference.com,Male
Zamit,Chase,Gillcrist,cgillcristmm@bluehost.com,Male
Tresom,Edgardo,Thorn,ethornmn@alibaba.com,Male
Domainer,Jessie,Whiten,jwhitenmo@fc2.com,Female
Quo Lux,Robbie,Sieur,rsieurmp@answers.com,Male
Ronstring,Blanca,Bellee,bbelleemq@weather.com,Female
Duobam,Giuseppe,McIlriach,gmcilriachmr@shop-pro.jp,Male
Greenlam,Giorgia,Randal,grandalms@msu.edu,Female
Zontrax,Lorianna,Blackbourn,lblackbournmt@exblog.jp,Female
Overhold,Annecorinne,Rands,arandsmu@usgs.gov,Female
Treeflex,Nannette,Killeley,nkilleleymv@t-online.de,Female
Tres-Zap,Charlena,Cundy,ccundymw@goodreads.com,Female
Konklux,Adelaida,Keeffe,akeeffemx@cargocollective.com,Female
Tresom,Davie,Harms,dharmsmy@hubpages.com,Male
Bytecard,Madeline,Kiloh,mkilohmz@cyberchimps.com,Female
Keylex,Janith,Gerriessen,jgerriessenn0@surveymonkey.com,Female
Konklux,Margot,Agate,magaten1@disqus.com,Female
Andalax,Virgilio,Thomann,vthomannn2@fda.gov,Male
Lotlux,Cirstoforo,Gircke,cgircken3@patch.com,Male
Tempsoft,Nathaniel,Redihalgh,nredihalghn4@soup.io,Male
Voltsillam,Eziechiele,Botfield,ebotfieldn5@hexun.com,Male
Overhold,Purcell,Pitchford,ppitchfordn6@nps.gov,Male
Overhold,Lenora,Medland,lmedlandn7@nps.gov,Female
Treeflex,Noach,Ewert,newertn8@opensource.org,Male
Tampflex,Rickard,Thynne,rthynnen9@walmart.com,Male
Y-find,Darell,Pimbley,dpimbleyna@ezinearticles.com,Female
Kanlam,Ogdan,Goulder,ogouldernb@princeton.edu,Male
Vagram,Raimundo,Poleykett,rpoleykettnc@baidu.com,Male
Zaam-Dox,Madelyn,Hadigate,mhadigatend@histats.com,Female
Kanlam,Mendie,Wiggin,mwigginne@prlog.org,Male
Redhold,Ingamar,Nester,inesternf@etsy.com,Male
Opela,Karen,Reford,krefordng@paypal.com,Female
Andalax,Jareb,Dinnington,jdinningtonnh@1und1.de,Male
Bamity,Alina,Augie,aaugieni@si.edu,Female
Tres-Zap,Amerigo,Van Daalen,avandaalennj@si.edu,Male
Keylex,Cesar,Brodway,cbrodwaynk@tinyurl.com,Male
Fixflex,Corabella,Adrianello,cadrianellonl@pbs.org,Female
Domainer,Sam,Castelyn,scastelynnm@harvard.edu,Male
Kanlam,Bobbe,Billingsly,bbillingslynn@state.gov,Female
Tin,Pernell,Valentin,pvalentinno@smh.com.au,Male
Pannier,Pate,Facher,pfachernp@yandex.ru,Male
Lotstring,Allin,Fraulo,afraulonq@ed.gov,Male
Fixflex,Tabby,MacMarcuis,tmacmarcuisnr@ebay.com,Male
Veribet,Sherill,Coggill,scoggillns@hud.gov,Female
Tempsoft,Manny,O'Hearn,mohearnnt@lycos.com,Male
Vagram,Jard,Signorelli,jsignorellinu@quantcast.com,Male
Y-find,Phaidra,Hudspeth,phudspethnv@histats.com,Female
Bigtax,Adora,Strelitz,astrelitznw@upenn.edu,Female
Ventosanzap,Caroline,Klehn,cklehnnx@house.gov,Female
Fintone,Dannel,Fairman,dfairmanny@quantcast.com,Male
Temp,Brose,Orrey,borreynz@jigsy.com,Male
Stronghold,Renae,Alesin,ralesino0@live.com,Female
Zontrax,Davin,Dearle-Palser,ddearlepalsero1@instagram.com,Male
Konklab,Carey,Manners,cmannerso2@cmu.edu,Male
Voltsillam,Clayborne,Serraillier,cserrailliero3@nbcnews.com,Male
Otcom,Auberta,Antram,aantramo4@github.com,Female
Alphazap,Lea,Jakubski,ljakubskio5@vinaora.com,Female
Voyatouch,Shalom,Degli Abbati,sdegliabbatio6@alibaba.com,Male
Stim,Benny,Ferneley,bferneleyo7@digg.com,Male
Veribet,Hyacintha,Aherne,haherneo8@mac.com,Female
Greenlam,Valdemar,Bestwall,vbestwallo9@sun.com,Male
Zoolab,Malena,Brister,mbristeroa@yolasite.com,Female
Fix San,Mallory,Sawbridge,msawbridgeob@ovh.net,Male
Ventosanzap,Cindee,Knapton,cknaptonoc@over-blog.com,Female
Treeflex,Mirabel,Kinch,mkinchod@stanford.edu,Female
Flexidy,Joly,Bennet,jbennetoe@mysql.com,Female
Tresom,Wynne,Reek,wreekof@xinhuanet.com,Female
Toughjoyfax,Kurtis,Cerro,kcerroog@gravatar.com,Male
Fintone,Mia,Stillert,mstillertoh@chron.com,Female
Lotstring,Huey,O'Rudden,horuddenoi@fema.gov,Male
Voyatouch,Sayers,Willbond,swillbondoj@epa.gov,Male
Stim,Adolph,Forten,afortenok@go.com,Male
Transcof,Vanna,Knibley,vknibleyol@spiegel.de,Female
Cardify,Ashley,Stanistrete,astanistreteom@furl.net,Male
Overhold,Chrisy,Tilliards,ctilliardson@pbs.org,Male
Job,Jeanelle,Jiggins,jjigginsoo@phoca.cz,Female
Rank,Onfroi,Castagnone,ocastagnoneop@t.co,Male
Ventosanzap,Shayna,Knaggs,sknaggsoq@nasa.gov,Female
Sonsing,Ainslie,Golding,agoldingor@hp.com,Female
Konklab,Lory,Speere,lspeereos@patch.com,Female
Temp,Valdemar,Galilee,vgalileeot@marketwatch.com,Male
Hatity,Raimund,Croix,rcroixou@tamu.edu,Male
Aerified,Lorrie,Halbard,lhalbardov@photobucket.com,Female
Treeflex,Camel,McMearty,cmcmeartyow@surveymonkey.com,Female
Lotstring,Mercie,Ornils,mornilsox@live.com,Female
Zoolab,Sherilyn,Sutliff,ssutliffoy@unesco.org,Female
Keylex,Allegra,Fawdrey,afawdreyoz@hostgator.com,Female
Hatity,Nicolle,Innwood,ninnwoodp0@squarespace.com,Female
Pannier,Simon,Matijevic,smatijevicp1@meetup.com,Male
Stim,Rancell,McKay,rmckayp2@google.co.uk,Male
Bytecard,Kimmi,McNickle,kmcnicklep3@feedburner.com,Female
Greenlam,Nevins,Lindfors,nlindforsp4@ovh.net,Male
Hatity,Harlin,Agott,hagottp5@privacy.gov.au,Male
Job,Beverie,McCrorie,bmccroriep6@umn.edu,Female
Flexidy,Linn,Postins,lpostinsp7@yelp.com,Male
Overhold,Leighton,Mullineux,lmullineuxp8@ning.com,Male
Temp,Neddie,Cottingham,ncottinghamp9@vkontakte.ru,Male
Solarbreeze,Maurice,Kiehnlt,mkiehnltpa@deliciousdays.com,Male
Keylex,Mandy,Thredder,mthredderpb@lycos.com,Female
Latlux,Row,Hinners,rhinnerspc@aol.com,Female
Fix San,Dione,Lodewick,dlodewickpd@businesswire.com,Female
Regrant,Fanny,Whyley,fwhyleype@ezinearticles.com,Female
Asoka,Alix,Braker,abrakerpf@marriott.com,Male
Solarbreeze,Carling,Colebeck,ccolebeckpg@google.cn,Male
Stringtough,Michel,Reardon,mreardonph@nifty.com,Female
Flowdesk,Paul,Gabites,pgabitespi@hc360.com,Male
Regrant,Avrit,Peattie,apeattiepj@goo.gl,Female
Lotlux,Lorette,Jankovic,ljankovicpk@hubpages.com,Female
Y-Solowarm,Gavrielle,Taborre,gtaborrepl@wp.com,Female
Sub-Ex,Paxon,Barens,pbarenspm@mail.ru,Male
Bitchip,Oralia,Fahrenbach,ofahrenbachpn@latimes.com,Female
Flexidy,Darren,Caslin,dcaslinpo@rediff.com,Male
Daltfresh,Juli,Kobes,jkobespp@reference.com,Female
Tin,Vivi,Fletham,vflethampq@sohu.com,Female
Daltfresh,Beverley,De Giovanni,bdegiovannipr@sina.com.cn,Female
Sonair,Emilie,O'Hickey,eohickeyps@cnet.com,Female
Zathin,Sanders,Climo,sclimopt@barnesandnoble.com,Male
Biodex,Ronny,Henze,rhenzepu@huffingtonpost.com,Male
Zathin,Jemimah,Lankester,jlankesterpv@hostgator.com,Female
Holdlamis,Evania,Drakes,edrakespw@newyorker.com,Female
Zathin,Tobias,Stiddard,tstiddardpx@ox.ac.uk,Male
Zontrax,Marabel,Stollard,mstollardpy@nyu.edu,Female
Sonsing,Helen-elizabeth,Slimming,hslimmingpz@lycos.com,Female
Tresom,Travis,Veivers,tveiversq0@comcast.net,Male
Regrant,Heall,Passmore,hpassmoreq1@is.gd,Male
Keylex,Rose,Milius,rmiliusq2@gizmodo.com,Female
Aerified,Jodi,Pleven,jplevenq3@themeforest.net,Female
Sonsing,Bili,Askam,baskamq4@blogger.com,Female
Redhold,Arvie,Proudlove,aproudloveq5@is.gd,Male
Keylex,Christine,Castagneri,ccastagneriq6@earthlink.net,Female
Andalax,Pattie,Dobrovolski,pdobrovolskiq7@eepurl.com,Male
Keylex,Morley,Dirr,mdirrq8@about.me,Male
Domainer,Culver,Attreed,cattreedq9@qq.com,Male
Ventosanzap,Bevon,Ducker,bduckerqa@unblog.fr,Male
Namfix,Karola,Longson,klongsonqb@hc360.com,Female
Flexidy,Godfree,Akers,gakersqc@latimes.com,Male
Transcof,Judd,Vose,jvoseqd@topsy.com,Male
Domainer,Sheba,Moyers,smoyersqe@free.fr,Female
Opela,Petra,Penddreth,ppenddrethqf@eepurl.com,Female
Sonsing,Lorri,Craggs,lcraggsqg@dailymotion.com,Female
Job,Luella,Snare,lsnareqh@uiuc.edu,Female
Prodder,Isak,Le land,ilelandqi@jiathis.com,Male
Y-find,Callie,De Witt,cdewittqj@google.co.uk,Female
Tin,Debera,Greensitt,dgreensittqk@dmoz.org,Female
Zathin,Kit,Melly,kmellyql@prlog.org,Male
Job,Alain,Dunton,aduntonqm@google.ca,Male
Transcof,Madeleine,Mourant,mmourantqn@pinterest.com,Female
Tempsoft,Ellie,Vurley,evurleyqo@hp.com,Female
Keylex,Nickie,Gon,ngonqp@yelp.com,Female
Latlux,Virge,Slyne,vslyneqq@techcrunch.com,Male
Hatity,Whitman,Natwick,wnatwickqr@desdev.cn,Male
Zamit,Maye,Dregan,mdreganqs@furl.net,Female
Temp,Rip,McAvinchey,rmcavincheyqt@ihg.com,Male
Opela,Ronda,Crooke,rcrookequ@blinklist.com,Female
Domainer,Cybill,Luciano,clucianoqv@zimbio.com,Female
Alphazap,Ricardo,Michell,rmichellqw@vistaprint.com,Male
Hatity,Roseanna,Greenwood,rgreenwoodqx@mapquest.com,Female
Vagram,Jase,Hallward,jhallwardqy@tiny.cc,Male
Daltfresh,Darelle,Braycotton,dbraycottonqz@guardian.co.uk,Female
Cookley,Edie,Calcraft,ecalcraftr0@ow.ly,Female
Bigtax,Van,Hursey,vhurseyr1@house.gov,Female
Cardguard,Lurleen,Arnao,larnaor2@hao123.com,Female
Gembucket,Kenton,Mc Cahey,kmccaheyr3@cloudflare.com,Male
Veribet,Else,Benneton,ebennetonr4@shareasale.com,Female
Kanlam,Glenine,Morrant,gmorrantr5@ameblo.jp,Female
Sonair,Westbrooke,Campion,wcampionr6@cpanel.net,Male
Treeflex,Tess,Ellit,tellitr7@princeton.edu,Female
Bitchip,Elianora,Kierans,ekieransr8@yandex.ru,Female
Zaam-Dox,Domenico,Halfhead,dhalfheadr9@de.vu,Male
Daltfresh,Brook,McConnulty,bmcconnultyra@shutterfly.com,Female
Tresom,Jermain,O'Halligan,johalliganrb@ning.com,Male
Opela,Gustie,Barrett,gbarrettrc@tinypic.com,Female
Zaam-Dox,Dolph,Townson,dtownsonrd@fema.gov,Male
Opela,Dex,Kellie,dkelliere@nydailynews.com,Male
Asoka,Marcille,Froggatt,mfroggattrf@theatlantic.com,Female
Domainer,Gradey,Guiducci,gguiduccirg@domainmarket.com,Male
Gembucket,Ted,Pantling,tpantlingrh@hibu.com,Female
Zoolab,Haley,Hempshall,hhempshallri@skype.com,Male
Fintone,Junette,Hune,jhunerj@deliciousdays.com,Female
Y-find,Edin,Gilbank,egilbankrk@flavors.me,Female
Bitchip,Brand,Gripton,bgriptonrl@infoseek.co.jp,Male
Cardify,Hyman,Becom,hbecomrm@hc360.com,Male
Biodex,Martin,Pym,mpymrn@wikia.com,Male
Matsoft,Kerwin,Kures,kkuresro@sourceforge.net,Male
Duobam,Melessa,Nurcombe,mnurcomberp@simplemachines.org,Female
Bigtax,Tomasine,Gillcrist,tgillcristrq@tumblr.com,Female
Aerified,Luise,Basili,lbasilirr@dell.com,Female
