nombre,codigo,descripcion,costo,nitRestaurante
Andalax,Rupert,Emnoney,remnoney0@army.mil,Male
Temp,Mariann,Houlston,mhoulston1@soundcloud.com,Female
Solarbreeze,Lee,Dowle,ldowle2@latimes.com,Female
Hatity,Lidia,Satchel,lsatchel3@independent.co.uk,Female
Ventosanzap,Dale,Lardeur,dlardeur4@irs.gov,Male
Ventosanzap,Erma,Orford,eorford5@angelfire.com,Female
Domainer,Bealle,Swyne,bswyne6@fema.gov,Male
Pannier,Jaclyn,Byk,jbyk7@adobe.com,Female
Sonair,Reid,Emberton,remberton8@telegraph.co.uk,Male
Zaam-Dox,Gail,Walaron,gwalaron9@blinklist.com,Female
Sonsing,Quintilla,Balasini,qbalasinia@hatena.ne.jp,Female
Transcof,Jaimie,Mazin,jmazinb@zimbio.com,Male
Zontrax,Adey,Tompsett,atompsettc@booking.com,Female
Sub-Ex,Ottilie,Shields,oshieldsd@sphinn.com,Female
Pannier,Corrie,Petch,cpetche@privacy.gov.au,Male
Latlux,Issiah,Ketchaside,iketchasidef@fema.gov,Male
Kanlam,Orelee,Seven,oseveng@ehow.com,Female
Stim,Ashby,Barbera,abarberah@deviantart.com,Male
Gembucket,Kristofer,Fielden,kfieldeni@webeden.co.uk,Male
Duobam,Portie,Cuthbertson,pcuthbertsonj@prnewswire.com,Male
Gembucket,Werner,Momford,wmomfordk@alibaba.com,Male
Duobam,Wilfred,Coite,wcoitel@naver.com,Male
Andalax,Kellen,Huxster,khuxsterm@ifeng.com,Male
Fintone,Ed,Atwill,eatwilln@sitemeter.com,Male
Job,Nolan,Parkinson,nparkinsono@mapy.cz,Male
Span,Yoko,Tesh,yteshp@marriott.com,Female
Domainer,John,Authers,jauthersq@printfriendly.com,Male
Veribet,Meryl,Venton,mventonr@alexa.com,Female
Namfix,Valentine,Fourman,vfourmans@quantcast.com,Female
Stim,Stu,Louder,sloudert@w3.org,Male
Zontrax,Elvis,Bletsor,ebletsoru@creativecommons.org,Male
Cardify,Grata,Seagar,gseagarv@ebay.com,Female
Fixflex,Neile,Losemann,nlosemannw@blogs.com,Female
Opela,Simmonds,Buyers,sbuyersx@themeforest.net,Male
Fintone,Halsey,Haskur,hhaskury@studiopress.com,Male
Bamity,Kendre,Doudny,kdoudnyz@telegraph.co.uk,Female
Voyatouch,Damon,Kubicek,dkubicek10@statcounter.com,Male
Alphazap,Brittany,Loder,bloder11@nature.com,Female
Mat Lam Tam,Rhoda,Pauer,rpauer12@cdc.gov,Female
Greenlam,Vincents,Haborn,vhaborn13@g.co,Male
Otcom,Nappie,Perrin,nperrin14@redcross.org,Male
Flexidy,Shannon,Filchagin,sfilchagin15@usatoday.com,Female
Temp,Phil,Custy,pcusty16@moonfruit.com,Female
Greenlam,Derby,Rosson,drosson17@globo.com,Male
Tin,Gordon,Stickings,gstickings18@bbc.co.uk,Male
Veribet,Arden,Sandeford,asandeford19@phpbb.com,Female
Toughjoyfax,Ettore,Winney,ewinney1a@desdev.cn,Male
Tresom,Darya,Mathiassen,dmathiassen1b@ed.gov,Female
Tresom,Marlo,Triggs,mtriggs1c@icq.com,Male
Fintone,Lenora,Cazalet,lcazalet1d@cmu.edu,Female
Trippledex,Thomasine,Paddy,tpaddy1e@mozilla.com,Female
Namfix,Clerissa,Farady,cfarady1f@domainmarket.com,Female
Bytecard,Aldous,Lammenga,alammenga1g@rakuten.co.jp,Male
Cardguard,Roderigo,Huntingford,rhuntingford1h@usda.gov,Male
Bytecard,Gifford,Lancett,glancett1i@jigsy.com,Male
Konklux,Marget,Batram,mbatram1j@mayoclinic.com,Female
Kanlam,Enos,Poltun,epoltun1k@nydailynews.com,Male
Redhold,Hyacinth,Drayton,hdrayton1l@prlog.org,Female
Sub-Ex,Micheal,Giannini,mgiannini1m@stumbleupon.com,Male
Mat Lam Tam,Paloma,Fannin,pfannin1n@nhs.uk,Female
Alpha,Alejoa,Ceschelli,aceschelli1o@posterous.com,Male
Duobam,Krystalle,Petrolli,kpetrolli1p@php.net,Female
Alpha,Jemima,Muselli,jmuselli1q@census.gov,Female
Lotstring,Jenifer,Pawlik,jpawlik1r@altervista.org,Female
Ronstring,Sigfrid,McCane,smccane1s@yellowpages.com,Male
Bigtax,Lottie,Souten,lsouten1t@epa.gov,Female
Aerified,Thelma,MacMenemy,tmacmenemy1u@instagram.com,Female
Bamity,Darrin,Dingsdale,ddingsdale1v@google.com.au,Male
Otcom,Noami,Veitch,nveitch1w@slashdot.org,Female
Zaam-Dox,Elisabeth,Smeed,esmeed1x@reuters.com,Female
Cardify,Cindee,Goulbourn,cgoulbourn1y@ustream.tv,Female
Sub-Ex,Jena,Pfeffle,jpfeffle1z@noaa.gov,Female
Tin,Antonina,Jedrych,ajedrych20@nifty.com,Female
Flexidy,Laird,Fries,lfries21@utexas.edu,Male
Hatity,Karry,Jorgensen,kjorgensen22@shutterfly.com,Female
Prodder,Dukie,Chrispin,dchrispin23@nifty.com,Male
Daltfresh,Concordia,Glowacki,cglowacki24@plala.or.jp,Female
Wrapsafe,Gaston,Picton,gpicton25@army.mil,Male
Alphazap,Hadlee,Knappett,hknappett26@mac.com,Male
Konklab,Taddeo,Hughesdon,thughesdon27@ucsd.edu,Male
Konklab,Ricard,Peacham,rpeacham28@pbs.org,Male
Quo Lux,Cynthia,Touzey,ctouzey29@macromedia.com,Female
Asoka,Donaugh,Sorsbie,dsorsbie2a@soup.io,Male
Quo Lux,Crissie,Wilsdon,cwilsdon2b@bloglines.com,Female
Y-find,Bax,Grafom,bgrafom2c@cornell.edu,Male
Y-find,Olenka,Sallowaye,osallowaye2d@yellowbook.com,Female
Alpha,Dill,Longthorne,dlongthorne2e@tiny.cc,Male
Asoka,Fancy,Hayman,fhayman2f@blinklist.com,Female
Tampflex,Daniela,Meas,dmeas2g@elpais.com,Female
Pannier,Bil,Tranmer,btranmer2h@mlb.com,Male
Zamit,Moritz,Fortoun,mfortoun2i@acquirethisname.com,Male
Daltfresh,Verile,Pierse,vpierse2j@simplemachines.org,Female
Alphazap,Melodie,Salway,msalway2k@redcross.org,Female
Temp,Albrecht,Empringham,aempringham2l@ocn.ne.jp,Male
Veribet,Mateo,Pickersail,mpickersail2m@miitbeian.gov.cn,Male
Bitchip,Dodie,Morse,dmorse2n@wikimedia.org,Female
Pannier,Port,Cuniam,pcuniam2o@businessinsider.com,Male
Trippledex,Jud,Jaye,jjaye2p@ycombinator.com,Male
Zaam-Dox,Dana,Vaughan-Hughes,dvaughanhughes2q@xing.com,Male
Zaam-Dox,Geralda,Couper,gcouper2r@dot.gov,Female
Bamity,Giff,Lovewell,glovewell2s@google.com.au,Male
Otcom,Sigismund,De Normanville,sdenormanville2t@statcounter.com,Male
Opela,Judith,Duchart,jduchart2u@so-net.ne.jp,Female
It,Robbyn,Wyne,rwyne2v@theglobeandmail.com,Female
Alpha,Dorey,Rackstraw,drackstraw2w@dion.ne.jp,Male
Trippledex,Dorry,Laslett,dlaslett2x@foxnews.com,Female
Duobam,Justinian,Peasegood,jpeasegood2y@nationalgeographic.com,Male
Cookley,Alfons,Iskower,aiskower2z@sakura.ne.jp,Male
Bamity,Andreana,Lutzmann,alutzmann30@com.com,Female
Zathin,Manda,Vear,mvear31@csmonitor.com,Female
Toughjoyfax,Martguerita,Luck,mluck32@utexas.edu,Female
Greenlam,Clement,Horsburgh,chorsburgh33@businessweek.com,Male
Mat Lam Tam,Moritz,Widdecombe,mwiddecombe34@godaddy.com,Male
Voltsillam,Caprice,Sargood,csargood35@exblog.jp,Female
Sub-Ex,Fritz,Cooch,fcooch36@cocolog-nifty.com,Male
Fix San,Bryce,Farrand,bfarrand37@elegantthemes.com,Male
Sub-Ex,Burg,Postlewhite,bpostlewhite38@redcross.org,Male
Pannier,Vilhelmina,Float,vfloat39@smugmug.com,Female
Lotstring,Pennie,Peret,pperet3a@cyberchimps.com,Male
Tresom,Rosalynd,Burlay,rburlay3b@uiuc.edu,Female
Tres-Zap,Hilde,Van Cassel,hvancassel3c@seattletimes.com,Female
Toughjoyfax,Ermentrude,Norsister,enorsister3d@desdev.cn,Female
Opela,Nola,Vasquez,nvasquez3e@creativecommons.org,Female
Mat Lam Tam,Ephrem,Olczyk,eolczyk3f@state.tx.us,Male
Ventosanzap,Barrie,Camelli,bcamelli3g@phpbb.com,Female
Konklab,Theressa,Clash,tclash3h@symantec.com,Female
Y-find,Ike,Proom,iproom3i@google.ru,Male
Subin,Marsiella,Musk,mmusk3j@deviantart.com,Female
Toughjoyfax,Allys,Leile,aleile3k@angelfire.com,Female
Tin,Dennie,Gueste,dgueste3l@ox.ac.uk,Male
Zathin,Kennedy,Sambeck,ksambeck3m@unblog.fr,Male
Home Ing,Gerard,Uman,guman3n@about.com,Male
Mat Lam Tam,Brannon,Mowlam,bmowlam3o@omniture.com,Male
Span,Daren,Benzi,dbenzi3p@list-manage.com,Male
Bytecard,Hasty,Izkoveski,hizkoveski3q@themeforest.net,Male
Voltsillam,Webb,Wakes,wwakes3r@boston.com,Male
Bytecard,Ryley,Willeson,rwilleson3s@mail.ru,Male
Wrapsafe,Cornall,Swyer,cswyer3t@wiley.com,Male
Asoka,Dorelle,Vigours,dvigours3u@salon.com,Female
Fixflex,Manny,Baile,mbaile3v@utexas.edu,Male
Keylex,Denys,Serjeantson,dserjeantson3w@so-net.ne.jp,Male
Bitchip,Cristie,Enston,censton3x@icio.us,Female
Tresom,Hashim,Dyzart,hdyzart3y@utexas.edu,Male
Biodex,Loralie,Bradnocke,lbradnocke3z@ycombinator.com,Female
Y-Solowarm,Haily,Lefley,hlefley40@ehow.com,Male
Subin,Alfie,Torrance,atorrance41@bravesites.com,Female
Alpha,Omar,Placido,oplacido42@nature.com,Male
Cookley,Rory,McLeese,rmcleese43@macromedia.com,Female
Temp,Viviana,Biaggiotti,vbiaggiotti44@nymag.com,Female
Zathin,Kaila,Kwietak,kkwietak45@quantcast.com,Female
Konklab,Rubin,Breadon,rbreadon46@purevolume.com,Male
Kanlam,Raimund,Orcas,rorcas47@wp.com,Male
Aerified,Liza,Varker,lvarker48@soup.io,Female
Stronghold,Milty,Wickins,mwickins49@nydailynews.com,Male
Bitchip,Marylinda,Giovanazzi,mgiovanazzi4a@mapy.cz,Female
Bamity,Baudoin,Bischof,bbischof4b@hubpages.com,Male
Quo Lux,Abel,Ludovici,aludovici4c@ca.gov,Male
Overhold,Stormi,Dowsing,sdowsing4d@huffingtonpost.com,Female
Kanlam,Lewes,Evett,levett4e@comsenz.com,Male
Bamity,Christal,Kroin,ckroin4f@storify.com,Female
Y-find,Oralia,Diehn,odiehn4g@buzzfeed.com,Female
Ronstring,Nikki,Copson,ncopson4h@cam.ac.uk,Male
Wrapsafe,Madlen,Goulden,mgoulden4i@meetup.com,Female
Zathin,Stacy,Obington,sobington4j@constantcontact.com,Male
Sonair,Ree,Purdey,rpurdey4k@goo.gl,Female
Latlux,Dina,Scroggie,dscroggie4l@cloudflare.com,Female
Bamity,Coraline,Roloff,croloff4m@xrea.com,Female
Sub-Ex,Amalee,Whitehorn,awhitehorn4n@tmall.com,Female
Lotlux,Ari,Merriton,amerriton4o@wordpress.org,Male
Overhold,Aimil,Cracoe,acracoe4p@unesco.org,Female
Bitchip,Vasili,Redhills,vredhills4q@creativecommons.org,Male
Latlux,Lindsey,Bathowe,lbathowe4r@t-online.de,Female
Cardify,Randall,Kinge,rkinge4s@a8.net,Male
Bamity,Vincent,Bridell,vbridell4t@icq.com,Male
Cookley,Sibbie,Andrini,sandrini4u@feedburner.com,Female
Tresom,Adair,Stookes,astookes4v@addthis.com,Male
Fix San,Gaby,Jaquest,gjaquest4w@printfriendly.com,Female
Keylex,Elton,Poplee,epoplee4x@joomla.org,Male
Tampflex,Jacob,Tilliards,jtilliards4y@tmall.com,Male
Bigtax,Niel,Grainger,ngrainger4z@discuz.net,Male
Regrant,Lukas,Jouandet,ljouandet50@examiner.com,Male
Bamity,Kai,Piatkow,kpiatkow51@senate.gov,Female
Duobam,Damien,Spellesy,dspellesy52@google.cn,Male
Greenlam,Cleon,Hamberstone,chamberstone53@google.co.jp,Male
Rank,Linnea,Liston,lliston54@hatena.ne.jp,Female
Voltsillam,Quentin,Nettleship,qnettleship55@netvibes.com,Female
Stim,Chico,Cisneros,ccisneros56@tripadvisor.com,Male
Transcof,Gayleen,Songer,gsonger57@patch.com,Female
Duobam,Boigie,Regi,bregi58@1und1.de,Male
Tin,Estrellita,Lobley,elobley59@marketwatch.com,Female
Stronghold,Amalea,Messom,amessom5a@artisteer.com,Female
Duobam,Dasi,Prenty,dprenty5b@redcross.org,Female
Lotstring,Aggie,Sommerly,asommerly5c@hubpages.com,Female
Wrapsafe,Talia,Boutcher,tboutcher5d@cnn.com,Female
Kanlam,Poul,Gayden,pgayden5e@tiny.cc,Male
Fix San,Hollyanne,Mulvin,hmulvin5f@weebly.com,Female
Zoolab,Eadmund,Bussy,ebussy5g@rakuten.co.jp,Male
Treeflex,Horton,Trippitt,htrippitt5h@ucoz.com,Male
Bitchip,Micheal,Othick,mothick5i@taobao.com,Male
Sub-Ex,Ilene,Gian,igian5j@sohu.com,Female
Lotstring,Harper,Crippill,hcrippill5k@histats.com,Male
Ventosanzap,Townsend,Farrall,tfarrall5l@vk.com,Male
Asoka,Verne,China,vchina5m@loc.gov,Male
Flexidy,Massimiliano,Lorenc,mlorenc5n@fda.gov,Male
Tempsoft,Jany,Duguid,jduguid5o@gravatar.com,Female
Overhold,Gerty,Gallamore,ggallamore5p@utexas.edu,Female
Fintone,Agosto,Du Barry,adubarry5q@wordpress.com,Male
Ronstring,Ashia,Gilfillan,agilfillan5r@google.co.uk,Female
Konklux,Duffie,Farfoot,dfarfoot5s@google.co.uk,Male
Latlux,Marlena,Finn,mfinn5t@over-blog.com,Female
Y-find,Aurel,Dayes,adayes5u@naver.com,Female
Opela,Marj,Buer,mbuer5v@vinaora.com,Female
Bigtax,Celestyna,Crilley,ccrilley5w@businessweek.com,Female
Overhold,Nikola,Limeburn,nlimeburn5x@umn.edu,Male
Bytecard,Fidole,Burg,fburg5y@state.tx.us,Male
Keylex,Phylis,Tolle,ptolle5z@state.tx.us,Female
Tampflex,Pooh,Peterson,ppeterson60@themeforest.net,Male
Stronghold,Hal,Lincke,hlincke61@illinois.edu,Male
It,Terrell,Somes,tsomes62@sina.com.cn,Male
Bytecard,Denice,Laffoley-Lane,dlaffoleylane63@istockphoto.com,Female
Pannier,Danya,McGrouther,dmcgrouther64@google.pl,Female
Voyatouch,Codee,Wolfe,cwolfe65@lulu.com,Female
Solarbreeze,Thornton,Attrie,tattrie66@china.com.cn,Male
Span,Elia,Vannuchi,evannuchi67@dmoz.org,Male
Treeflex,Hal,Barwood,hbarwood68@mit.edu,Male
Domainer,Goldie,Nassi,gnassi69@unesco.org,Female
Y-find,Vivianna,Trappe,vtrappe6a@google.com.hk,Female
Fix San,Nanete,Gundrey,ngundrey6b@fda.gov,Female
Konklab,Kinny,Rawstron,krawstron6c@google.cn,Male
Solarbreeze,Sigrid,Clubley,sclubley6d@cbsnews.com,Female
Matsoft,Constancia,Olivas,colivas6e@google.com.au,Female
It,Francoise,Loomis,floomis6f@dmoz.org,Female
Opela,Ramonda,Quinnet,rquinnet6g@cyberchimps.com,Female
Ronstring,Nils,Henfre,nhenfre6h@uiuc.edu,Male
Home Ing,Madelina,Pyle,mpyle6i@qq.com,Female
Keylex,Dee dee,Balsellie,dbalsellie6j@upenn.edu,Female
Bitchip,Kort,Christophe,kchristophe6k@sakura.ne.jp,Male
Stronghold,Ron,Brodeau,rbrodeau6l@chronoengine.com,Male
Stim,Arthur,Turneaux,aturneaux6m@wordpress.com,Male
Bytecard,Jodie,McKyrrelly,jmckyrrelly6n@youtu.be,Male
Cookley,Josy,Winckle,jwinckle6o@tuttocitta.it,Female
Fix San,Kalvin,Maureen,kmaureen6p@msn.com,Male
Lotlux,Darby,Nickols,dnickols6q@163.com,Male
Zamit,Cletus,Symonds,csymonds6r@virginia.edu,Male
Ronstring,Doti,Whyteman,dwhyteman6s@163.com,Female
Cardify,Laurie,Hourahan,lhourahan6t@tmall.com,Male
Regrant,Jimmy,Radenhurst,jradenhurst6u@walmart.com,Male
Cookley,Evan,Herkess,eherkess6v@patch.com,Male
Keylex,Daniele,Baszniak,dbaszniak6w@aboutads.info,Female
Pannier,Veronika,Lakeman,vlakeman6x@about.com,Female
Aerified,Zebedee,Bottom,zbottom6y@g.co,Male
Tin,Rufe,Phillips,rphillips6z@bing.com,Male
Voyatouch,Sephira,Thunderchief,sthunderchief70@ebay.co.uk,Female
Vagram,Dory,Lomath,dlomath71@bbb.org,Male
Flowdesk,Solomon,De Freyne,sdefreyne72@shareasale.com,Male
Trippledex,Abbi,Turnor,aturnor73@about.me,Female
Tresom,Konstance,Garber,kgarber74@fotki.com,Female
Subin,Corrianne,Polkinhorn,cpolkinhorn75@ning.com,Female
Bitwolf,Arnold,McAlees,amcalees76@gizmodo.com,Male
Rank,Stephen,Ubach,subach77@businesswire.com,Male
Regrant,Shaughn,Axon,saxon78@discovery.com,Male
Tampflex,Anatol,Genese,agenese79@123-reg.co.uk,Male
Overhold,Erda,Drescher,edrescher7a@ihg.com,Female
Hatity,Livvy,Maypes,lmaypes7b@webeden.co.uk,Female
Zaam-Dox,Moe,Adair,madair7c@360.cn,Male
Cardify,Bibbye,Jewiss,bjewiss7d@odnoklassniki.ru,Female
Transcof,Dorolice,Sykora,dsykora7e@berkeley.edu,Female
Gembucket,Flossy,Rothwell,frothwell7f@feedburner.com,Female
Flexidy,Roman,Doag,rdoag7g@psu.edu,Male
Domainer,Hattie,Korda,hkorda7h@yahoo.co.jp,Female
Flexidy,Caleb,Skitral,cskitral7i@wired.com,Male
Transcof,Stanly,Corter,scorter7j@ustream.tv,Male
Stim,Kari,McAlpine,kmcalpine7k@e-recht24.de,Female
Rank,Hilliard,Al Hirsi,halhirsi7l@ox.ac.uk,Male
Viva,Israel,Crinidge,icrinidge7m@usnews.com,Male
Stim,Catherin,Garard,cgarard7n@hatena.ne.jp,Female
Flexidy,Russ,McManamen,rmcmanamen7o@vimeo.com,Male
Pannier,Mahmud,Gianolo,mgianolo7p@springer.com,Male
It,Geralda,Tumasian,gtumasian7q@tripod.com,Female
Overhold,Sigismondo,Brownsell,sbrownsell7r@miibeian.gov.cn,Male
Span,Sula,Dunthorne,sdunthorne7s@accuweather.com,Female
Regrant,Waldo,Wedon,wwedon7t@photobucket.com,Male
Toughjoyfax,Florry,Gabrieli,fgabrieli7u@123-reg.co.uk,Female
Tampflex,Hazlett,Beynke,hbeynke7v@columbia.edu,Male
Andalax,Franciskus,Alvaro,falvaro7w@purevolume.com,Male
Sub-Ex,Perla,Fogarty,pfogarty7x@vk.com,Female
Alpha,Giffie,McCoughan,gmccoughan7y@tinyurl.com,Male
Ronstring,Melony,Wherrett,mwherrett7z@cdbaby.com,Female
Voltsillam,Sherye,Bellows,sbellows80@mashable.com,Female
Bitchip,Codi,Furnival,cfurnival81@friendfeed.com,Male
Asoka,Diego,Astman,dastman82@goodreads.com,Male
Stronghold,Carling,Pedlow,cpedlow83@weibo.com,Male
Zamit,Lion,Wheatley,lwheatley84@rakuten.co.jp,Male
Overhold,Homere,Measey,hmeasey85@loc.gov,Male
Tampflex,Debora,Hacaud,dhacaud86@istockphoto.com,Female
Voltsillam,Dermot,Nalder,dnalder87@buzzfeed.com,Male
Lotstring,Clevey,Castaneda,ccastaneda88@clickbank.net,Male
Gembucket,Sawyere,Fihelly,sfihelly89@is.gd,Male
Flexidy,Malcolm,Baiss,mbaiss8a@php.net,Male
Alpha,Blancha,Catcherside,bcatcherside8b@statcounter.com,Female
Treeflex,Winni,Balke,wbalke8c@redcross.org,Female
Opela,Appolonia,Melanaphy,amelanaphy8d@examiner.com,Female
Stronghold,Johnnie,Edgecumbe,jedgecumbe8e@hao123.com,Male
Alpha,Flor,Daintier,fdaintier8f@typepad.com,Female
Kanlam,Calypso,Yurikov,cyurikov8g@youtu.be,Female
Lotstring,Reynold,Tingly,rtingly8h@hibu.com,Male
Bytecard,Reilly,Bollis,rbollis8i@pen.io,Male
Viva,Stacey,Cess,scess8j@clickbank.net,Female
Zaam-Dox,Ernie,Donovin,edonovin8k@census.gov,Male
Stim,Aura,Hawley,ahawley8l@mlb.com,Female
Zathin,Danika,Muckian,dmuckian8m@guardian.co.uk,Female
Flexidy,Cort,Fuidge,cfuidge8n@fastcompany.com,Male
Zaam-Dox,Francisco,Drinkall,fdrinkall8o@sun.com,Male
Biodex,Lalo,McInility,lmcinility8p@odnoklassniki.ru,Male
Zaam-Dox,Verla,Bellanger,vbellanger8q@amazon.co.uk,Female
Zathin,Gertrudis,Granham,ggranham8r@imdb.com,Female
Sonsing,Val,Medcraft,vmedcraft8s@dmoz.org,Male
Stronghold,Concettina,Nend,cnend8t@list-manage.com,Female
Stringtough,Adeline,Meo,ameo8u@cbc.ca,Female
Zathin,Orson,Tomsett,otomsett8v@sphinn.com,Male
Y-Solowarm,Oneida,Matonin,omatonin8w@icq.com,Female
Domainer,Marybeth,Skaife,mskaife8x@redcross.org,Female
Mat Lam Tam,Zebulon,Marrows,zmarrows8y@unblog.fr,Male
Fintone,Paloma,Hyndley,phyndley8z@sphinn.com,Female
Prodder,Iago,Smithyman,ismithyman90@go.com,Male
Domainer,Arlinda,McDell,amcdell91@skyrock.com,Female
Prodder,Vivianna,Powe,vpowe92@oakley.com,Female
Fintone,Zack,Scriver,zscriver93@sciencedirect.com,Male
Asoka,Drucill,Jaggli,djaggli94@spiegel.de,Female
Span,Brok,Hubert,bhubert95@printfriendly.com,Male
Sub-Ex,Perice,MacLise,pmaclise96@tamu.edu,Male
It,Bernadene,Hammon,bhammon97@archive.org,Female
Zontrax,Kirbie,Peyes,kpeyes98@gmpg.org,Female
Lotlux,Xever,Simcoe,xsimcoe99@cpanel.net,Male
Voltsillam,Christophe,Jurisch,cjurisch9a@vistaprint.com,Male
Subin,Grazia,Everit,geverit9b@php.net,Female
Sonair,Delcine,Whillock,dwhillock9c@biglobe.ne.jp,Female
Cardify,Randene,Connor,rconnor9d@usnews.com,Female
Konklux,Osborne,Muckloe,omuckloe9e@techcrunch.com,Male
Andalax,Murray,Sotheron,msotheron9f@nih.gov,Male
Lotstring,Nobie,Souttar,nsouttar9g@amazon.de,Male
Zontrax,Bradford,Challoner,bchalloner9h@home.pl,Male
Tin,Lorenza,Dyneley,ldyneley9i@skype.com,Female
Domainer,Vidovik,Fennelow,vfennelow9j@acquirethisname.com,Male
Andalax,Chrissy,Fawdry,cfawdry9k@chron.com,Male
Matsoft,Omero,McClelland,omcclelland9l@mapy.cz,Male
Bitchip,Conrade,Krzysztof,ckrzysztof9m@businesswire.com,Male
Home Ing,Madlen,Syplus,msyplus9n@mlb.com,Female
Zathin,Buddie,Creber,bcreber9o@jalbum.net,Male
Overhold,Archibold,Ierland,aierland9p@pen.io,Male
Zoolab,Nancie,Brunt,nbrunt9q@dell.com,Female
Bitchip,Dorine,Esposi,desposi9r@diigo.com,Female
Cardify,Clyve,Taylo,ctaylo9s@hao123.com,Male
Tempsoft,Gussy,Ekkel,gekkel9t@qq.com,Female
Voyatouch,Aguie,Lattka,alattka9u@issuu.com,Male
Otcom,Phyllys,De Fries,pdefries9v@ted.com,Female
Prodder,Magnum,Stirland,mstirland9w@linkedin.com,Male
Zaam-Dox,Kerrin,Simonite,ksimonite9x@istockphoto.com,Female
Regrant,Guthrie,Sinton,gsinton9y@prnewswire.com,Male
Zaam-Dox,Sanderson,O'Growgane,sogrowgane9z@shop-pro.jp,Male
Sonair,Montague,Satterfitt,msatterfitta0@cornell.edu,Male
Solarbreeze,Oran,Feldhorn,ofeldhorna1@soup.io,Male
Rank,Nobie,Munden,nmundena2@reverbnation.com,Male
Zaam-Dox,Jillene,Anmore,janmorea3@networksolutions.com,Female
Matsoft,Brandon,Ings,bingsa4@google.cn,Male
Andalax,Carmen,O' Dooley,codooleya5@wp.com,Female
Flexidy,Murvyn,Aleksandrov,maleksandrova6@g.co,Male
Veribet,Carolyn,Elliston,cellistona7@shutterfly.com,Female
Bitwolf,Emmery,Depper,edeppera8@sphinn.com,Male
Job,Noami,Robilliard,nrobilliarda9@last.fm,Female
Vagram,Renato,Collyear,rcollyearaa@printfriendly.com,Male
Latlux,Wilbur,Greader,wgreaderab@nytimes.com,Male
Daltfresh,Maxine,Cawt,mcawtac@java.com,Female
Biodex,Loria,Arthey,lartheyad@skype.com,Female
Tempsoft,Spenser,Juckes,sjuckesae@smh.com.au,Male
Zathin,Seumas,Libero,sliberoaf@bloomberg.com,Male
Veribet,Hollis,Von Brook,hvonbrookag@elpais.com,Male
Namfix,Filmore,Tackell,ftackellah@rambler.ru,Male
Hatity,Tad,Withringten,twithringtenai@twitter.com,Male
Trippledex,Web,D'Ambrogi,wdambrogiaj@telegraph.co.uk,Male
Andalax,Kirby,Warke,kwarkeak@issuu.com,Male
Alphazap,Lily,Dillinger,ldillingeral@sciencedaily.com,Female
Solarbreeze,Abe,Stithe,astitheam@de.vu,Male
Matsoft,Gunther,Petruska,gpetruskaan@hibu.com,Male
Span,Rosina,Sympson,rsympsonao@hatena.ne.jp,Female
Otcom,Garrard,Fone,gfoneap@timesonline.co.uk,Male
Alpha,Reinwald,Vasyanin,rvasyaninaq@usnews.com,Male
Cardguard,Astrix,Spilisy,aspilisyar@etsy.com,Female
Greenlam,Vivia,Mingame,vmingameas@utexas.edu,Female
Matsoft,Zak,Olkowicz,zolkowiczat@people.com.cn,Male
Fintone,Townsend,Heamus,theamusau@sfgate.com,Male
Temp,Gail,Drinkel,gdrinkelav@amazon.com,Male
Overhold,Earl,Lett,elettaw@tmall.com,Male
Cardguard,Mame,Greenfield,mgreenfieldax@spotify.com,Female
Keylex,Lewes,Geake,lgeakeay@cam.ac.uk,Male
Mat Lam Tam,Sarajane,Cregin,screginaz@feedburner.com,Female
Voltsillam,Benji,Probbin,bprobbinb0@geocities.jp,Male
Overhold,Bobina,Cromwell,bcromwellb1@hostgator.com,Female
Voyatouch,Deck,Towell,dtowellb2@youku.com,Male
Duobam,Donal,Hazeldene,dhazeldeneb3@noaa.gov,Male
Latlux,Pieter,de Bullion,pdebullionb4@google.fr,Male
Bitchip,Noelle,Beagen,nbeagenb5@purevolume.com,Female
Alphazap,Wallis,Warrilow,wwarrilowb6@cbslocal.com,Male
Prodder,Kevyn,Heugel,kheugelb7@dell.com,Female
Rank,Larine,Clements,lclementsb8@bloglovin.com,Female
Biodex,Jennilee,Coupman,jcoupmanb9@4shared.com,Female
Tresom,Korry,Billam,kbillamba@facebook.com,Female
Mat Lam Tam,Melloney,Fauning,mfauningbb@answers.com,Female
Regrant,Jenni,Voisey,jvoiseybc@patch.com,Female
Domainer,Karlis,Dedden,kdeddenbd@webs.com,Male
Treeflex,Oby,Palin,opalinbe@hostgator.com,Male
Bitchip,Christoper,Danaher,cdanaherbf@wiley.com,Male
Mat Lam Tam,Pia,Monk,pmonkbg@yandex.ru,Female
Greenlam,Gaston,Fitchet,gfitchetbh@vinaora.com,Male
Zontrax,Jerrold,D'Avaux,jdavauxbi@disqus.com,Male
Zontrax,Jarrid,Robertacci,jrobertaccibj@hao123.com,Male
Andalax,Bat,Davenhall,bdavenhallbk@goodreads.com,Male
Fix San,Fanya,Temple,ftemplebl@paypal.com,Female
Fix San,Dru,Wickstead,dwicksteadbm@storify.com,Female
Kanlam,Rasla,Darrigone,rdarrigonebn@washingtonpost.com,Female
Duobam,Gregoire,Bevar,gbevarbo@vkontakte.ru,Male
Duobam,Catherine,Grichukhin,cgrichukhinbp@ning.com,Female
Kanlam,Aube,Brennenstuhl,abrennenstuhlbq@odnoklassniki.ru,Male
Cardguard,Meir,Bencher,mbencherbr@360.cn,Male
Y-Solowarm,Ernie,Kinloch,ekinlochbs@tinyurl.com,Male
Bamity,Jocko,Bengall,jbengallbt@google.de,Male
Cookley,Jameson,Griffin,jgriffinbu@google.de,Male
Bigtax,Cam,Burgen,cburgenbv@sbwire.com,Male
Asoka,Petronilla,Fortescue,pfortescuebw@washington.edu,Female
Bamity,Egor,Nilges,enilgesbx@cpanel.net,Male
Namfix,Christophe,Gatland,cgatlandby@twitter.com,Male
Fix San,Kiley,Tolcher,ktolcherbz@cargocollective.com,Male
Transcof,Olympia,Iorizzi,oiorizzic0@foxnews.com,Female
Stronghold,Neala,Whitecross,nwhitecrossc1@mit.edu,Female
Bitwolf,Lotty,Haylock,lhaylockc2@prnewswire.com,Female
Stringtough,Yorker,Attersoll,yattersollc3@ning.com,Male
Fix San,Cullen,Stoltz,cstoltzc4@dmoz.org,Male
Prodder,Theresita,Govini,tgovinic5@google.de,Female
Tampflex,Ailbert,Linnock,alinnockc6@pcworld.com,Male
Ronstring,Meredeth,Imesson,mimessonc7@com.com,Male
Rank,Kalila,Kettles,kkettlesc8@seesaa.net,Female
Flowdesk,Fraser,Stampe,fstampec9@yahoo.com,Male
Mat Lam Tam,Bryana,Gettens,bgettensca@yahoo.com,Female
Duobam,Taylor,Stear,tstearcb@php.net,Male
Quo Lux,Darby,Bernasek,dbernasekcc@artisteer.com,Male
Greenlam,Dulsea,Divver,ddivvercd@huffingtonpost.com,Female
Aerified,Holmes,Schoenfisch,hschoenfischce@deliciousdays.com,Male
Zamit,Olav,Philpin,ophilpincf@umn.edu,Male
Cookley,Kalinda,Maier,kmaiercg@nbcnews.com,Female
Greenlam,Bartie,Wogdon,bwogdonch@fema.gov,Male
Keylex,Leontine,Kasparski,lkasparskici@mlb.com,Female
Kanlam,Gay,Sumpner,gsumpnercj@diigo.com,Male
Sub-Ex,Golda,Burghill,gburghillck@163.com,Female
Daltfresh,Xenos,Dougary,xdougarycl@jiathis.com,Male
Transcof,Briana,MacPadene,bmacpadenecm@cargocollective.com,Female
Bamity,Wilhelm,Gillham,wgillhamcn@typepad.com,Male
Keylex,Bartolomeo,Lukianov,blukianovco@illinois.edu,Male
Tin,De,Larret,dlarretcp@weather.com,Female
Matsoft,Idette,Wethered,iwetheredcq@arizona.edu,Female
Temp,Byron,Woodroof,bwoodroofcr@foxnews.com,Male
Alpha,Javier,Harber,jharbercs@tuttocitta.it,Male
Cardguard,Vail,Halfhyde,vhalfhydect@meetup.com,Male
Zaam-Dox,Lina,Heistermann,lheistermanncu@delicious.com,Female
Bamity,Erroll,Lantry,elantrycv@myspace.com,Male
Voltsillam,Bev,Pyrton,bpyrtoncw@usa.gov,Female
Aerified,Hobey,Paulin,hpaulincx@wisc.edu,Male
Cardify,Willis,Koba,wkobacy@nymag.com,Male
Matsoft,Hattie,Mastrantone,hmastrantonecz@goodreads.com,Female
Voltsillam,Hastie,Berndt,hberndtd0@linkedin.com,Male
Stim,Cornie,Vany,cvanyd1@blog.com,Male
Kanlam,Becka,Caldecot,bcaldecotd2@quantcast.com,Female
Zoolab,Joya,Sutor,jsutord3@wp.com,Female
Holdlamis,Celie,Pirot,cpirotd4@tumblr.com,Female
Cardguard,Tracie,Orring,torringd5@dailymotion.com,Female
Konklux,Jyoti,Geck,jgeckd6@shutterfly.com,Female
Transcof,Paddy,Erdes,perdesd7@nymag.com,Male
Zathin,Corinna,Mumbray,cmumbrayd8@google.it,Female
Stronghold,Sherie,Schreurs,sschreursd9@weibo.com,Female
Sonsing,Sheilah,Hebbard,shebbardda@accuweather.com,Female
Flexidy,Manon,MacGille,mmacgilledb@pinterest.com,Female
Redhold,Mirabella,Jersh,mjershdc@constantcontact.com,Female
Kanlam,Brendon,Willcott,bwillcottdd@netlog.com,Male
Cardify,Vernen,Antonioni,vantonionide@sfgate.com,Male
Home Ing,Isidor,Dani,idanidf@hp.com,Male
Vagram,Hall,Stapels,hstapelsdg@usatoday.com,Male
It,Clerkclaude,Miller,cmillerdh@spotify.com,Male
Gembucket,Kaila,Auchterlonie,kauchterloniedi@google.com.hk,Female
Treeflex,Gabriel,Kegley,gkegleydj@ehow.com,Male
Stringtough,Cristionna,Abramowsky,cabramowskydk@sfgate.com,Female
Opela,Linus,Juliff,ljuliffdl@gizmodo.com,Male
Trippledex,Earle,Jacobson,ejacobsondm@com.com,Male
Tempsoft,Padraic,Forrest,pforrestdn@amazon.com,Male
Keylex,Zared,Thynne,zthynnedo@t-online.de,Male
Holdlamis,Martino,Lyptrit,mlyptritdp@si.edu,Male
Span,Halsey,McNair,hmcnairdq@admin.ch,Male
Voyatouch,Bobine,Tolchar,btolchardr@wiley.com,Female
Overhold,Libbie,Elverstone,lelverstoneds@time.com,Female
Asoka,Konstantine,Cheake,kcheakedt@illinois.edu,Male
Transcof,Tommi,Baradel,tbaradeldu@hc360.com,Female
Y-find,Joli,Wiltshaw,jwiltshawdv@ed.gov,Female
Treeflex,Rheta,Eade,readedw@4shared.com,Female
Stringtough,Chrissie,Sherringham,csherringhamdx@weibo.com,Female
Biodex,Riane,Sheldrick,rsheldrickdy@sohu.com,Female
Daltfresh,Donaugh,Chaunce,dchauncedz@eventbrite.com,Male
Andalax,Rainer,Sabban,rsabbane0@bloglines.com,Male
It,Willdon,Mochar,wmochare1@t.co,Male
Hatity,Francklin,Billyeald,fbillyealde2@linkedin.com,Male
Alpha,Sydney,Toland,stolande3@drupal.org,Male
Y-find,Wain,Blackham,wblackhame4@ed.gov,Male
Subin,Luciano,Cyseley,lcyseleye5@over-blog.com,Male
Greenlam,Brandise,Yakobowitch,byakobowitche6@tamu.edu,Female
Cookley,Gaspard,Pautot,gpautote7@columbia.edu,Male
Sonsing,Deloris,Critchley,dcritchleye8@springer.com,Female
Zamit,Ward,Imorts,wimortse9@ovh.net,Male
Redhold,Tommie,Corringham,tcorringhamea@businessweek.com,Male
Zoolab,Kaiser,Wilcox,kwilcoxeb@fotki.com,Male
Domainer,Gwenore,Strowthers,gstrowthersec@wisc.edu,Female
Ventosanzap,Reggie,Lilleman,rlillemaned@symantec.com,Female
Tin,Merrill,Machel,mmachelee@posterous.com,Male
Keylex,Sybyl,Schouthede,sschouthedeef@taobao.com,Female
Treeflex,Hamlen,Goodboddy,hgoodboddyeg@cnet.com,Male
Keylex,Ax,Hebborne,ahebborneeh@msu.edu,Male
Sonsing,Orville,Drescher,odrescherei@mozilla.com,Male
Stringtough,Candis,Botton,cbottonej@businesswire.com,Female
Zoolab,Laurent,Benck,lbenckek@goo.gl,Male
Gembucket,Randolf,Featherston,rfeatherstonel@w3.org,Male
Voyatouch,Eddie,Parlot,eparlotem@moonfruit.com,Male
Y-Solowarm,Abbey,Durnin,adurninen@chicagotribune.com,Male
Cookley,Nicholle,Ewence,newenceeo@fotki.com,Female
Overhold,Reggis,Digweed,rdigweedep@blogspot.com,Male
Keylex,Angeline,Luisetti,aluisettieq@springer.com,Female
Cardguard,Ainslee,Thorington,athoringtoner@mozilla.org,Female
Pannier,Orbadiah,Mattis,omattises@miibeian.gov.cn,Male
Ventosanzap,Andres,Swaile,aswaileet@purevolume.com,Male
Span,Coralyn,Simonazzi,csimonazzieu@tamu.edu,Female
Redhold,Jody,Tenant,jtenantev@umich.edu,Male
Stim,Mimi,Panas,mpanasew@odnoklassniki.ru,Female
Zoolab,Flore,Welden,fweldenex@foxnews.com,Female
Stim,Ange,Novichenko,anovichenkoey@prweb.com,Male
Fixflex,Lutero,Swindell,lswindellez@trellian.com,Male
Rank,Taylor,Gruby,tgrubyf0@sciencedirect.com,Male
Biodex,Karrah,Gaythwaite,kgaythwaitef1@bing.com,Female
Job,Myrtice,Jeanenet,mjeanenetf2@sogou.com,Female
Sub-Ex,Fallon,Darinton,fdarintonf3@abc.net.au,Female
Mat Lam Tam,Ibrahim,Strephan,istrephanf4@apple.com,Male
Sub-Ex,Rowen,Manuaud,rmanuaudf5@tiny.cc,Male
Bitchip,Alexio,Reignolds,areignoldsf6@addthis.com,Male
Quo Lux,Leigh,Dykes,ldykesf7@qq.com,Male
Bitchip,Engelbert,Simmons,esimmonsf8@amazon.de,Male
Pannier,Ileane,Annand,iannandf9@ning.com,Female
Alphazap,Lorry,Callander,lcallanderfa@prnewswire.com,Female
Lotstring,Dunstan,Prinett,dprinettfb@barnesandnoble.com,Male
Y-find,Roddie,Beardsdale,rbeardsdalefc@mit.edu,Male
Pannier,Murial,Lukianov,mlukianovfd@ameblo.jp,Female
Y-Solowarm,Edlin,Sinkin,esinkinfe@oaic.gov.au,Male
Solarbreeze,Barbara-anne,Tanti,btantiff@skype.com,Female
Tin,Florie,Burberow,fburberowfg@drupal.org,Female
Fixflex,Marcie,Jumonet,mjumonetfh@sciencedaily.com,Female
Trippledex,Ashlie,Stocken,astockenfi@yellowbook.com,Female
Trippledex,Kerk,Le Grand,klegrandfj@last.fm,Male
Bigtax,Charla,Goldine,cgoldinefk@godaddy.com,Female
Wrapsafe,Renault,Trasler,rtraslerfl@princeton.edu,Male
Daltfresh,Haleigh,Ingham,hinghamfm@google.it,Male
Tempsoft,Dario,Gueny,dguenyfn@reverbnation.com,Male
Span,Zared,Boichat,zboichatfo@amazon.co.uk,Male
Keylex,Simeon,Eyckel,seyckelfp@ucoz.ru,Male
Quo Lux,Nadya,Shervil,nshervilfq@nba.com,Female
Flowdesk,Enrico,Branson,ebransonfr@ycombinator.com,Male
Ventosanzap,Ase,Dunsford,adunsfordfs@phoca.cz,Male
Duobam,Manya,Jowitt,mjowittft@loc.gov,Female
Trippledex,Bernardina,Warden,bwardenfu@apple.com,Female
Mat Lam Tam,Filip,Hodgon,fhodgonfv@netvibes.com,Male
It,Wilmer,MacKim,wmackimfw@furl.net,Male
Ronstring,Felic,O'Curneen,focurneenfx@goodreads.com,Male
Transcof,Nesta,Shear,nshearfy@princeton.edu,Female
Bitwolf,Cybil,D'eathe,cdeathefz@wiley.com,Female
Bamity,Carree,Byng,cbyngg0@example.com,Female
Zoolab,Sapphira,O' Reagan,soreagang1@usnews.com,Female
Sonsing,Rikki,Wilkennson,rwilkennsong2@auda.org.au,Male
Daltfresh,Rahal,Blenkinship,rblenkinshipg3@naver.com,Female
Rank,Sibeal,Pead,speadg4@google.com,Female
Job,Willetta,Wile,wwileg5@goodreads.com,Female
Trippledex,Mackenzie,Stichall,mstichallg6@hc360.com,Male
Sonair,Hannis,Bolstridge,hbolstridgeg7@tmall.com,Female
Wrapsafe,Onfroi,Frushard,ofrushardg8@uiuc.edu,Male
Latlux,Lester,Allner,lallnerg9@google.ru,Male
Fix San,Pris,Goodlake,pgoodlakega@ezinearticles.com,Female
Ronstring,Pat,Leppard,pleppardgb@upenn.edu,Male
Tin,Lilas,Studders,lstuddersgc@joomla.org,Female
Span,Orelle,Meegin,omeegingd@bigcartel.com,Female
Solarbreeze,Sena,Deegan,sdeegange@hugedomains.com,Female
Viva,Vivi,Segar,vsegargf@bbb.org,Female
Gembucket,Claudian,Lulham,clulhamgg@friendfeed.com,Male
Solarbreeze,Leela,Spilstead,lspilsteadgh@answers.com,Female
Kanlam,Edeline,Frantzeni,efrantzenigi@businessweek.com,Female
Ronstring,Raychel,Poulglais,rpoulglaisgj@microsoft.com,Female
Biodex,Lock,Feragh,lferaghgk@bloglovin.com,Male
Veribet,Reinhard,Pedler,rpedlergl@slideshare.net,Male
Daltfresh,Sula,Spread,sspreadgm@bandcamp.com,Female
Zamit,Conrado,Dumsday,cdumsdaygn@etsy.com,Male
Job,Shelton,Dalgety,sdalgetygo@odnoklassniki.ru,Male
Redhold,Lars,Budik,lbudikgp@dedecms.com,Male
Solarbreeze,Jsandye,Sparkwill,jsparkwillgq@alibaba.com,Female
Lotlux,Latashia,Jobin,ljobingr@nifty.com,Female
Cardify,Lizette,Brunnen,lbrunnengs@sciencedirect.com,Female
Sub-Ex,Teddie,Dyne,tdynegt@sun.com,Male
Prodder,Bord,Tortoishell,btortoishellgu@issuu.com,Male
Regrant,Levey,Trulock,ltrulockgv@elpais.com,Male
Flowdesk,Marline,Hurkett,mhurkettgw@chicagotribune.com,Female
Biodex,Vernon,Davidesco,vdavidescogx@hugedomains.com,Male
Latlux,Jonas,Gatiss,jgatissgy@baidu.com,Male
Cardify,Christian,Dettmar,cdettmargz@hud.gov,Male
Fintone,Bonny,Steade,bsteadeh0@opera.com,Female
Domainer,Cinda,Shorto,cshortoh1@csmonitor.com,Female
Regrant,Kahlil,Kittle,kkittleh2@house.gov,Male
Voltsillam,Ker,Gibbings,kgibbingsh3@dailymotion.com,Male
Sonsing,Buiron,Blodget,bblodgeth4@cyberchimps.com,Male
Quo Lux,Kelvin,Baggallay,kbaggallayh5@histats.com,Male
Zamit,Sandra,Pemberton,spembertonh6@tumblr.com,Female
Bamity,Karalynn,Burtenshaw,kburtenshawh7@si.edu,Female
Namfix,Seline,McFadzean,smcfadzeanh8@com.com,Female
Viva,Joni,Adds,jaddsh9@paginegialle.it,Female
Overhold,Hewett,Saggers,hsaggersha@ucoz.com,Male
Treeflex,Kenna,Gatward,kgatwardhb@bing.com,Female
Otcom,Claudelle,Cutford,ccutfordhc@foxnews.com,Female
Mat Lam Tam,Midge,Snoddin,msnoddinhd@cpanel.net,Female
Cardify,Anny,Leech,aleechhe@dropbox.com,Female
Temp,Ermengarde,Scapelhorn,escapelhornhf@wikispaces.com,Female
Tampflex,Shermy,Lympenie,slympeniehg@sfgate.com,Male
Cardguard,Corena,MacAleese,cmacaleesehh@reverbnation.com,Female
Tin,Levi,Forster,lforsterhi@newyorker.com,Male
Mat Lam Tam,Khalil,Lettington,klettingtonhj@npr.org,Male
Holdlamis,Maribelle,Plaskitt,mplaskitthk@sciencedaily.com,Female
Daltfresh,Gertruda,Lampitt,glampitthl@apache.org,Female
Kanlam,Yance,Niece,yniecehm@nbcnews.com,Male
Subin,Helge,Speachley,hspeachleyhn@sfgate.com,Female
Namfix,Sacha,Sagrott,ssagrottho@altervista.org,Female
Tresom,Danell,Sinnott,dsinnotthp@creativecommons.org,Female
Y-find,Gilligan,Botton,gbottonhq@constantcontact.com,Female
Matsoft,Evy,Mahaffey,emahaffeyhr@who.int,Female
Fixflex,Iver,Bravery,ibraveryhs@globo.com,Male
Bigtax,Bail,Pilpovic,bpilpovicht@dropbox.com,Male
Holdlamis,Sigvard,Belward,sbelwardhu@go.com,Male
Cardguard,Olivia,Van der Krui,ovanderkruihv@tmall.com,Female
Ventosanzap,Carolus,Rebert,creberthw@studiopress.com,Male
Stim,Tann,Loosley,tloosleyhx@cdc.gov,Male
Bytecard,Maurise,Guillard,mguillardhy@mayoclinic.com,Female
Sonsing,Chicky,Mouan,cmouanhz@webs.com,Female
Zoolab,Lorilyn,Cavey,lcaveyi0@seesaa.net,Female
Mat Lam Tam,Edythe,Carsey,ecarseyi1@ow.ly,Female
Hatity,Rab,Duchant,rduchanti2@auda.org.au,Male
Flowdesk,Niles,Greasty,ngreastyi3@bbc.co.uk,Male
Wrapsafe,Kele,Bendson,kbendsoni4@home.pl,Male
Cardify,Orbadiah,Bromell,obromelli5@google.fr,Male
Bitwolf,Luther,Croxall,lcroxalli6@bloglines.com,Male
Lotlux,Crissy,Sharpley,csharpleyi7@dedecms.com,Female
Home Ing,Tricia,Lant,tlanti8@spiegel.de,Female
Toughjoyfax,Grove,Pay,gpayi9@ft.com,Male
Zamit,Yalonda,Lesek,ylesekia@state.tx.us,Female
Latlux,Rhodie,Sporrij,rsporrijib@fda.gov,Female
Temp,Barrett,Chasemoore,bchasemooreic@barnesandnoble.com,Male
Domainer,Fianna,Calloway,fcallowayid@technorati.com,Female
Sub-Ex,Erminie,Dovermann,edovermannie@home.pl,Female
Tampflex,Gabi,Birdwhistell,gbirdwhistellif@toplist.cz,Female
Otcom,Jojo,Lightewood,jlightewoodig@yahoo.co.jp,Female
Stim,Reeva,Glendza,rglendzaih@paginegialle.it,Female
Zontrax,Sherlocke,O'Shields,soshieldsii@netvibes.com,Male
Bitwolf,Arabel,Esselin,aesselinij@tumblr.com,Female
Bytecard,Dwayne,Capey,dcapeyik@cafepress.com,Male
Zamit,Tabbie,Derrett,tderrettil@addtoany.com,Female
Konklab,Goldie,Sloss,gslossim@barnesandnoble.com,Female
Solarbreeze,Neysa,Feldstein,nfeldsteinin@wikia.com,Female
Quo Lux,Gail,Neely,gneelyio@netlog.com,Male
Zamit,Dagny,Laingmaid,dlaingmaidip@sciencedirect.com,Male
Tempsoft,Lucilia,Latham,llathamiq@sogou.com,Female
Flowdesk,Cookie,Champerlen,cchamperlenir@acquirethisname.com,Female
Voltsillam,Maribelle,Ghelardi,mghelardiis@livejournal.com,Female
Zoolab,Andras,Nance,ananceit@vkontakte.ru,Male
Temp,Michale,Kerbler,mkerbleriu@cmu.edu,Male
Cardguard,Ranee,Bascombe,rbascombeiv@blogspot.com,Female
Treeflex,Ferrel,Wallbridge,fwallbridgeiw@hatena.ne.jp,Male
Cookley,Nora,Norridge,nnorridgeix@vkontakte.ru,Female
Bigtax,Brock,Treneman,btrenemaniy@hatena.ne.jp,Male
Lotlux,Nicol,Chowne,nchowneiz@cocolog-nifty.com,Female
Alphazap,Malachi,Blackborne,mblackbornej0@bizjournals.com,Male
Rank,Iago,Ewings,iewingsj1@wikispaces.com,Male
Zontrax,Tybie,Brackley,tbrackleyj2@thetimes.co.uk,Female
Veribet,Abel,Thurner,athurnerj3@livejournal.com,Male
Bitchip,Carney,Lambourne,clambournej4@deviantart.com,Male
Zathin,Kennedy,Hedling,khedlingj5@cornell.edu,Male
Redhold,Neil,Caplen,ncaplenj6@slashdot.org,Male
Ventosanzap,Verge,Echlin,vechlinj7@geocities.com,Male
Domainer,Donetta,Liddel,dliddelj8@ted.com,Female
Voyatouch,Karoly,Marcome,kmarcomej9@taobao.com,Male
Opela,Padgett,Lipgens,plipgensja@wikipedia.org,Male
Toughjoyfax,Ester,Necrews,enecrewsjb@earthlink.net,Female
Bitwolf,Clementina,Zarfat,czarfatjc@nature.com,Female
Zoolab,Natalya,Brobak,nbrobakjd@jimdo.com,Female
Flowdesk,Patrizia,Pauleau,ppauleauje@mit.edu,Female
Gembucket,Wilfrid,Hasloch,whaslochjf@homestead.com,Male
Lotstring,Agnese,Klemt,aklemtjg@aboutads.info,Female
Span,Merla,Rutter,mrutterjh@angelfire.com,Female
Lotlux,Hobey,Aingel,haingelji@freewebs.com,Male
Zathin,Loni,Axelbee,laxelbeejj@wikipedia.org,Female
Greenlam,Tome,Markushkin,tmarkushkinjk@icq.com,Male
Y-find,Licha,Kirkbride,lkirkbridejl@networkadvertising.org,Female
Lotlux,Dehlia,Ord,dordjm@desdev.cn,Female
Opela,Ranique,Licquorish,rlicquorishjn@europa.eu,Female
Konklux,Patrizia,Tansly,ptanslyjo@who.int,Female
Subin,Ramona,Keith,rkeithjp@mysql.com,Female
Zaam-Dox,Marsha,Hacksby,mhacksbyjq@arstechnica.com,Female
Matsoft,Sybilla,Quilliam,squilliamjr@toplist.cz,Female
Zathin,Steffi,Farnish,sfarnishjs@census.gov,Female
Zamit,Ninnette,Newing,nnewingjt@intel.com,Female
Matsoft,Georgie,Lark,glarkju@livejournal.com,Male
Bitchip,Brod,Musicka,bmusickajv@netvibes.com,Male
Wrapsafe,Salaidh,Pavlishchev,spavlishchevjw@discuz.net,Female
Sonair,Zolly,Flatt,zflattjx@sbwire.com,Male
Biodex,Ulla,Backsal,ubacksaljy@sfgate.com,Female
Ventosanzap,Kurt,De Freyne,kdefreynejz@dagondesign.com,Male
Bytecard,Emmerich,Moncur,emoncurk0@who.int,Male
Zathin,Bern,Thor,bthork1@phpbb.com,Male
Y-Solowarm,Blakeley,Brelsford,bbrelsfordk2@php.net,Female
Andalax,Barney,O' Timony,botimonyk3@drupal.org,Male
Latlux,Tammy,Prozescky,tprozesckyk4@mail.ru,Male
Sonair,Yvonne,Jansema,yjansemak5@4shared.com,Female
Tresom,Pandora,Dyne,pdynek6@statcounter.com,Female
Gembucket,Chic,Coyle,ccoylek7@rambler.ru,Male
Biodex,Josias,McKilroe,jmckilroek8@multiply.com,Male
Y-Solowarm,Darcee,de Verson,ddeversonk9@xinhuanet.com,Female
Subin,Abdul,Buckbee,abuckbeeka@indiegogo.com,Male
Toughjoyfax,Dannye,Mulheron,dmulheronkb@sogou.com,Female
Voyatouch,Darwin,Tyrone,dtyronekc@live.com,Male
Aerified,Nelle,Giovannazzi,ngiovannazzikd@comsenz.com,Female
Fintone,Cleveland,Carnew,ccarnewke@boston.com,Male
Zamit,Dedie,Hurll,dhurllkf@ovh.net,Female
Pannier,Joli,Bosanko,jbosankokg@shinystat.com,Female
Duobam,Michale,Brittain,mbrittainkh@fastcompany.com,Male
Fintone,Farand,Snary,fsnaryki@harvard.edu,Female
Viva,Willette,Tofts,wtoftskj@reverbnation.com,Female
Konklab,Grant,Morrilly,gmorrillykk@mlb.com,Male
Y-find,Cordy,Camings,ccamingskl@gov.uk,Male
Flowdesk,Lulu,Sabban,lsabbankm@naver.com,Female
Stim,Denys,Mundell,dmundellkn@surveymonkey.com,Male
Vagram,Daffi,Farquhar,dfarquharko@house.gov,Female
Stringtough,Lelia,Bloomfield,lbloomfieldkp@intel.com,Female
Andalax,Dilan,Foye,dfoyekq@rambler.ru,Male
Tempsoft,Gonzales,Bragginton,gbraggintonkr@rediff.com,Male
Bitwolf,Conroy,Seyler,cseylerks@dagondesign.com,Male
Stringtough,Patricia,Brocklehurst,pbrocklehurstkt@newyorker.com,Female
Zamit,Godiva,Stiegar,gstiegarku@amazon.com,Female
Veribet,Rena,Leece,rleecekv@wisc.edu,Female
Tresom,Yasmin,Bernardes,ybernardeskw@csmonitor.com,Female
Veribet,Myrwyn,Lorek,mlorekkx@chicagotribune.com,Male
Overhold,Lise,Vedntyev,lvedntyevky@apache.org,Female
Otcom,Corrine,Behr,cbehrkz@tmall.com,Female
Stronghold,Liliane,Crofthwaite,lcrofthwaitel0@topsy.com,Female
Fixflex,Chic,Paule,cpaulel1@123-reg.co.uk,Male
Duobam,Alanah,Burnsall,aburnsalll2@shinystat.com,Female
Bitchip,Martina,Reimers,mreimersl3@foxnews.com,Female
Stringtough,Jemimah,Kenwin,jkenwinl4@usgs.gov,Female
Mat Lam Tam,Roldan,Piscopo,rpiscopol5@php.net,Male
Zaam-Dox,Marchall,Derwin,mderwinl6@a8.net,Male
Sonair,Baxie,O'Neal,boneall7@hc360.com,Male
Home Ing,Caroljean,Ormerod,cormerodl8@stumbleupon.com,Female
Y-find,Gates,Seagar,gseagarl9@google.pl,Female
Pannier,Issiah,Leaming,ileamingla@phoca.cz,Male
Mat Lam Tam,Kurtis,Pleat,kpleatlb@feedburner.com,Male
Lotstring,Ursuline,McIlherran,umcilherranlc@archive.org,Female
Bitchip,Wainwright,Wedlake,wwedlakeld@altervista.org,Male
Y-Solowarm,Kingsley,Pittendreigh,kpittendreighle@noaa.gov,Male
Tin,Shepperd,Backler,sbacklerlf@wufoo.com,Male
Subin,Michell,Philcott,mphilcottlg@boston.com,Female
Bigtax,Lari,Latta,llattalh@amazon.co.jp,Female
Otcom,Jacynth,Ivanyukov,jivanyukovli@bing.com,Female
Pannier,Gerald,Lapthorn,glapthornlj@samsung.com,Male
Keylex,Pavel,Paaso,ppaasolk@fema.gov,Male
Holdlamis,Teodora,Twitchett,ttwitchettll@webmd.com,Female
Greenlam,Wittie,Handley,whandleylm@t.co,Male
Matsoft,Beitris,Oakenford,boakenfordln@over-blog.com,Female
Stringtough,Wini,Larway,wlarwaylo@mac.com,Female
Tin,Brander,Smewings,bsmewingslp@biblegateway.com,Male
Tin,Tedman,Canty,tcantylq@elegantthemes.com,Male
Wrapsafe,Jay,Stanistreet,jstanistreetlr@tripadvisor.com,Male
Ventosanzap,Trula,Sanbrook,tsanbrookls@free.fr,Female
Solarbreeze,Sydelle,Spoerl,sspoerllt@chronoengine.com,Female
Flexidy,Raimundo,Palombi,rpalombilu@github.com,Male
Domainer,Gerardo,Brigham,gbrighamlv@usnews.com,Male
Rank,Noah,Blakeman,nblakemanlw@google.ca,Male
Konklab,Nikolai,Kitteman,nkittemanlx@eepurl.com,Male
Veribet,Florina,Gaw,fgawly@ox.ac.uk,Female
Daltfresh,Conway,Backhouse,cbackhouselz@jalbum.net,Male
Tampflex,Margit,Ruckert,mruckertm0@mysql.com,Female
Fix San,Renado,Huke,rhukem1@devhub.com,Male
Domainer,Milena,Haworth,mhaworthm2@zdnet.com,Female
Flowdesk,Farrel,Baddoe,fbaddoem3@reuters.com,Male
Asoka,Alexio,Oxbrow,aoxbrowm4@wikipedia.org,Male
Voltsillam,Marilee,Eymer,meymerm5@columbia.edu,Female
Biodex,Carol,Knath,cknathm6@mayoclinic.com,Female
Veribet,Dolley,Eddins,deddinsm7@shareasale.com,Female
Otcom,Patrick,Molyneaux,pmolyneauxm8@businessinsider.com,Male
Tempsoft,Leanna,Leaning,lleaningm9@abc.net.au,Female
Holdlamis,Iain,Lazarus,ilazarusma@cdc.gov,Male
Zoolab,Agathe,Franzman,afranzmanmb@constantcontact.com,Female
Ventosanzap,Findley,Shout,fshoutmc@gravatar.com,Male
Cookley,Eustace,Meltetal,emeltetalmd@alexa.com,Male
Zontrax,Benny,Melhuish,bmelhuishme@livejournal.com,Male
Stringtough,Nicolette,Frondt,nfrondtmf@ucoz.com,Female
Alpha,Danny,Chrismas,dchrismasmg@skyrock.com,Female
Zontrax,Zorana,Kisbee,zkisbeemh@youku.com,Female
Greenlam,Templeton,Roma,tromami@census.gov,Male
Y-Solowarm,Naomi,McKag,nmckagmj@mapquest.com,Female
Tempsoft,Kizzee,Witcher,kwitchermk@amazon.de,Female
Tampflex,Robinson,Fatscher,rfatscherml@eventbrite.com,Male
Asoka,Julian,Conn,jconnmm@prlog.org,Male
Zoolab,Raf,Berdale,rberdalemn@hao123.com,Female
Keylex,Pedro,Setterington,psetteringtonmo@usatoday.com,Male
Fintone,Felipe,Assante,fassantemp@yolasite.com,Male
Job,Anabal,Toal,atoalmq@boston.com,Female
Andalax,Gradey,Durie,gduriemr@usgs.gov,Male
Lotlux,Pearce,Twentyman,ptwentymanms@pinterest.com,Male
Bigtax,Tanitansy,Sterling,tsterlingmt@blogspot.com,Female
Quo Lux,Niels,Glandon,nglandonmu@unicef.org,Male
Otcom,Sunny,Priden,spridenmv@goodreads.com,Male
Aerified,Alard,Grinter,agrintermw@multiply.com,Male
Prodder,Phillipp,Clymer,pclymermx@lulu.com,Male
Stronghold,Tedra,Kineton,tkinetonmy@histats.com,Female
Trippledex,Domenico,Drysdall,ddrysdallmz@weather.com,Male
Domainer,Iorgo,Leighton,ileightonn0@goo.ne.jp,Male
Bytecard,Davine,Hobben,dhobbenn1@loc.gov,Female
Mat Lam Tam,Lotti,Scutchings,lscutchingsn2@flickr.com,Female
Y-find,Ferdinand,Northern,fnorthernn3@globo.com,Male
Alpha,Tana,Umfrey,tumfreyn4@google.co.jp,Female
Stronghold,Abbott,Reoch,areochn5@buzzfeed.com,Male
Transcof,Inglebert,Monckton,imoncktonn6@ustream.tv,Male
Fixflex,Giles,Ablett,gablettn7@wordpress.com,Male
Keylex,Wyatan,Tolle,wtollen8@eepurl.com,Male
Home Ing,Linell,Lawrinson,llawrinsonn9@cbsnews.com,Female
Stronghold,Aarika,Wilmington,awilmingtonna@yahoo.com,Female
Stringtough,Van,Hartopp,vhartoppnb@ed.gov,Female
Y-Solowarm,Pren,Bachelor,pbachelornc@un.org,Male
Bitwolf,Deb,Quin,dquinnd@oaic.gov.au,Female
Stronghold,Marshal,Ivanenko,mivanenkone@merriam-webster.com,Male
Tampflex,Robinett,Kornilyev,rkornilyevnf@psu.edu,Female
Bigtax,Nanci,Spours,nspoursng@eepurl.com,Female
Otcom,Merrill,Autrie,mautrienh@state.gov,Male
Bitchip,Reine,Wharrier,rwharrierni@cargocollective.com,Female
Bitchip,Ernst,Choupin,echoupinnj@indiatimes.com,Male
Hatity,Trista,Stride,tstridenk@friendfeed.com,Female
Cardguard,Marney,Ambrogelli,mambrogellinl@newyorker.com,Female
Flexidy,Guenevere,Lidgely,glidgelynm@4shared.com,Female
Aerified,Luther,Alyutin,lalyutinnn@webeden.co.uk,Male
Lotlux,Demetrius,Challice,dchalliceno@stanford.edu,Male
Namfix,Ferrel,Rapinett,frapinettnp@bloglovin.com,Male
Namfix,Dimitry,Le Houx,dlehouxnq@typepad.com,Male
Latlux,Almeria,Kendred,akendrednr@guardian.co.uk,Female
Rank,Sharla,Rodolphe,srodolphens@indiatimes.com,Female
Cookley,Ashton,Yakebowitch,ayakebowitchnt@wikispaces.com,Male
Matsoft,Sari,Sargood,ssargoodnu@princeton.edu,Female
Konklux,Leda,McDarmid,lmcdarmidnv@stumbleupon.com,Female
Opela,Fairfax,Portwaine,fportwainenw@google.com.br,Male
Stim,Mirelle,Perritt,mperrittnx@multiply.com,Female
Sonair,Shara,Nears,snearsny@hc360.com,Female
Vagram,Merrile,Ladbrooke,mladbrookenz@addthis.com,Female
Treeflex,Conrado,Chessor,cchessoro0@networkadvertising.org,Male
Zoolab,Koressa,Cotgrove,kcotgroveo1@behance.net,Female
Mat Lam Tam,Derby,Melloi,dmelloio2@dmoz.org,Male
Voltsillam,Paulie,Lammas,plammaso3@hp.com,Female
Bigtax,Martyn,Boldt,mboldto4@msu.edu,Male
Y-find,Kaylil,Gravie,kgravieo5@omniture.com,Female
Biodex,Gustie,Posselt,gposselto6@chicagotribune.com,Female
Quo Lux,Hestia,Zealey,hzealeyo7@bloglovin.com,Female
Span,Zabrina,Dabnor,zdabnoro8@zdnet.com,Female
Andalax,Horton,Skegg,hskeggo9@biblegateway.com,Male
Pannier,Dee,Ingle,dingleoa@livejournal.com,Female
Tempsoft,Tito,Stockman,tstockmanob@nsw.gov.au,Male
Duobam,Alf,Sadd,asaddoc@slate.com,Male
Lotlux,Hugibert,Ruusa,hruusaod@apache.org,Male
Bigtax,Martin,Lettuce,mlettuceoe@archive.org,Male
Gembucket,Beale,Pelcheur,bpelcheurof@fc2.com,Male
Stim,Aharon,Baxter,abaxterog@google.es,Male
Vagram,Agata,Vannuchi,avannuchioh@slashdot.org,Female
Pannier,Aldis,Clint,aclintoi@smugmug.com,Male
Biodex,Ian,Broszkiewicz,ibroszkiewiczoj@shinystat.com,Male
Sonsing,Halette,Wollers,hwollersok@webeden.co.uk,Female
Treeflex,Nikaniki,Loude,nloudeol@umn.edu,Female
Konklab,Kaleb,Sheircliffe,ksheircliffeom@accuweather.com,Male
Alphazap,Isabelita,Sackett,isacketton@squidoo.com,Female
Bitwolf,Brew,O'Dee,bodeeoo@disqus.com,Male
Lotstring,Melisande,Fores,mforesop@cocolog-nifty.com,Female
Tresom,Simone,Egerton,segertonoq@marriott.com,Male
Redhold,Aubrie,Meir,ameiror@army.mil,Female
Stringtough,Etan,Rothert,erothertos@google.pl,Male
Tresom,Drucy,Huttley,dhuttleyot@timesonline.co.uk,Female
Pannier,Darci,Ramsay,dramsayou@xinhuanet.com,Female
Overhold,Gradeigh,Curtois,gcurtoisov@shutterfly.com,Male
Quo Lux,Halette,Pierro,hpierroow@mit.edu,Female
Daltfresh,Urban,Beecheno,ubeechenoox@eepurl.com,Male
Zoolab,Chevalier,Hinckley,chinckleyoy@seattletimes.com,Male
Konklux,Annetta,Haldin,ahaldinoz@mit.edu,Female
Asoka,Cristabel,Matt,cmattp0@ocn.ne.jp,Female
Flowdesk,Adrianne,Clementi,aclementip1@myspace.com,Female
Lotlux,Nikki,Gjerde,ngjerdep2@ibm.com,Female
Tresom,Alika,Goford,agofordp3@t-online.de,Female
Bitchip,Billie,Tingle,btinglep4@bravesites.com,Female
Quo Lux,Maryanne,Mitchall,mmitchallp5@abc.net.au,Female
Zontrax,Germana,Brodie,gbrodiep6@123-reg.co.uk,Female
Veribet,Lothaire,Maffione,lmaffionep7@ning.com,Male
Konklab,Maressa,Crocken,mcrockenp8@csmonitor.com,Female
Gembucket,Ileane,Titterton,itittertonp9@sfgate.com,Female
Bitwolf,Conney,Schapero,cschaperopa@goo.ne.jp,Male
Bigtax,Catharine,Hardway,chardwaypb@smh.com.au,Female
Sonsing,Jeffy,Nind,jnindpc@pcworld.com,Male
Latlux,Sigismond,Burch,sburchpd@reverbnation.com,Male
Wrapsafe,Robinette,Andraud,randraudpe@ycombinator.com,Female
Opela,Maxie,Chelsom,mchelsompf@edublogs.org,Female
Keylex,Fidel,Wingham,fwinghampg@delicious.com,Male
Ronstring,Oates,Blanchflower,oblanchflowerph@mozilla.com,Male
Greenlam,Bethina,Ripley,bripleypi@meetup.com,Female
Mat Lam Tam,Rosabella,Rankin,rrankinpj@dedecms.com,Female
Transcof,Constantine,Huntress,chuntresspk@lulu.com,Male
Lotlux,Pietra,Rycroft,prycroftpl@wix.com,Female
Zaam-Dox,Oralle,Iacovo,oiacovopm@twitpic.com,Female
Mat Lam Tam,Bette,Weston,bwestonpn@multiply.com,Female
Fixflex,Lorena,Knightley,lknightleypo@huffingtonpost.com,Female
Bitchip,Forest,Danielski,fdanielskipp@infoseek.co.jp,Male
It,Cynde,Hardi,chardipq@harvard.edu,Female
Konklab,Kori,Grady,kgradypr@cmu.edu,Female
Kanlam,Claudie,Rogerot,crogerotps@bbc.co.uk,Female
Andalax,Nathanial,Cardall,ncardallpt@jimdo.com,Male
Fintone,Cobbie,Lobell,clobellpu@webs.com,Male
Alphazap,Des,Hellwig,dhellwigpv@tripadvisor.com,Male
Subin,Jemimah,Bancroft,jbancroftpw@pinterest.com,Female
Hatity,Iona,Delap,idelappx@webnode.com,Female
Bamity,Bertrando,Westerman,bwestermanpy@chronoengine.com,Male
Transcof,Barrie,Cowoppe,bcowoppepz@pen.io,Female
Asoka,Margie,Goldthorp,mgoldthorpq0@yellowbook.com,Female
Domainer,Nonah,Arter,narterq1@drupal.org,Female
Wrapsafe,Cary,Jeannard,cjeannardq2@cbslocal.com,Male
Span,Neely,Novacek,nnovacekq3@facebook.com,Female
Stim,Ariela,Trevon,atrevonq4@wordpress.com,Female
Overhold,Talbert,Simmans,tsimmansq5@ebay.co.uk,Male
Tresom,Shae,Priter,spriterq6@tinyurl.com,Male
Keylex,Hodge,Philps,hphilpsq7@shinystat.com,Male
Flowdesk,Caspar,Riall,criallq8@adobe.com,Male
Konklab,Flinn,Parkinson,fparkinsonq9@umn.edu,Male
Job,Sonny,Sante,ssanteqa@auda.org.au,Male
Ventosanzap,Agretha,Tander,atanderqb@example.com,Female
Zontrax,Ferne,Essery,fesseryqc@go.com,Female
Veribet,Etienne,Compford,ecompfordqd@hatena.ne.jp,Male
Bigtax,Laurette,Dawltrey,ldawltreyqe@studiopress.com,Female
Cardguard,Bettina,Whife,bwhifeqf@elpais.com,Female
Latlux,Nadeen,Labon,nlabonqg@washington.edu,Female
Flowdesk,Shane,O'Hoolahan,sohoolahanqh@guardian.co.uk,Female
Konklab,Wittie,Douthwaite,wdouthwaiteqi@indiegogo.com,Male
Y-find,Bevan,Ainge,baingeqj@slate.com,Male
Overhold,Baryram,Halburton,bhalburtonqk@homestead.com,Male
Zamit,Alleyn,Filip,afilipql@yellowpages.com,Male
Flowdesk,Kylila,Hamshere,khamshereqm@blogtalkradio.com,Female
Y-Solowarm,Rozanna,Maw,rmawqn@360.cn,Female
Toughjoyfax,Galvin,Ricardot,gricardotqo@com.com,Male
Fix San,Olivie,Sleeman,osleemanqp@jigsy.com,Female
Trippledex,Rem,Challiss,rchallissqq@nature.com,Male
Regrant,Griz,Spraggon,gspraggonqr@bigcartel.com,Male
Regrant,Petr,Ginglell,pginglellqs@mozilla.org,Male
Zathin,Man,Winger,mwingerqt@mit.edu,Male
Latlux,Aggy,Bartolomieu,abartolomieuqu@goo.ne.jp,Female
Solarbreeze,Berget,Worms,bwormsqv@deliciousdays.com,Female
Alphazap,Janeva,McIlvaney,jmcilvaneyqw@baidu.com,Female
Lotlux,Ely,Chmarny,echmarnyqx@ox.ac.uk,Male
Bytecard,Carver,Gurney,cgurneyqy@naver.com,Male
Tempsoft,Isa,Milhench,imilhenchqz@netvibes.com,Male
Alphazap,Bertina,Tamburi,btamburir0@va.gov,Female
Lotstring,Hayward,Brosel,hbroselr1@ucoz.com,Male
Zoolab,Augy,Jewis,ajewisr2@netscape.com,Male
Tampflex,Lorena,Robbs,lrobbsr3@dagondesign.com,Female
Temp,Hercules,Bann,hbannr4@paginegialle.it,Male
Transcof,Aubrie,Lovitt,alovittr5@dagondesign.com,Female
Wrapsafe,Cecelia,MacCague,cmaccaguer6@cnet.com,Female
Tampflex,Karoline,Daviddi,kdaviddir7@acquirethisname.com,Female
Bigtax,Mord,Atwool,matwoolr8@prweb.com,Male
Konklux,Petronella,Kenelin,pkenelinr9@answers.com,Female
Sonair,Olga,Wicher,owicherra@gnu.org,Female
Wrapsafe,Sunny,Humber,shumberrb@biglobe.ne.jp,Male
Opela,Anabelle,Murkin,amurkinrc@unesco.org,Female
It,Linus,Gerrill,lgerrillrd@google.it,Male
Cookley,Robbin,Hinrich,rhinrichre@jimdo.com,Female
Subin,Dar,Dibble,ddibblerf@purevolume.com,Male
Flexidy,Sile,Geibel,sgeibelrg@tripod.com,Female
Cookley,Fidelia,McCaughey,fmccaugheyrh@alibaba.com,Female
Y-find,Terrel,Mainland,tmainlandri@slashdot.org,Male
Treeflex,Leonidas,Kytter,lkytterrj@t-online.de,Male
Solarbreeze,Damaris,Floodgate,dfloodgaterk@youtube.com,Female
Job,Lew,Greeding,lgreedingrl@webs.com,Male
Greenlam,Florette,Do Rosario,fdorosariorm@oracle.com,Female
Namfix,Fey,Wolseley,fwolseleyrn@drupal.org,Female
Stronghold,Jeromy,Serle,jserlero@eepurl.com,Male
Cardify,Geri,Stegell,gstegellrp@wiley.com,Male
Job,Shellysheldon,Furley,sfurleyrq@slate.com,Male
Tres-Zap,Felipe,Dorset,fdorsetrr@imdb.com,Male
